product_id,variant_id,name,brand,sku,category_path,url,crawl_url,price,currency,price_status,pack_size,availability,description,specifications,image_urls,alternatives,extraction_method,scraped_at,source_hash
e2da60cf4f844775a3eefbd8469469db,4710150,Compac nitrile gloves PF x-s 100/bag,Cranberry,4710150,gloves,https://www.safcodental.com/product/compac-nitrile,https://www.safcodental.com/product/compac-nitrile,8.49,USD,visible,100/bag,In stock,"Compac™ By The Cuff® Nitrile Powder Free Exam Gloves feature innovative dispensing technology designed to reduce cross-contamination, minimize glove waste, and improve operatory efficiency.",{},"https://www.safcodental.com/media/catalog/product/c/r/cranberry-compac-nitrile-front-facing-100-box_1.jpg?width=265&height=265&canvas=265,265&optimize=medium&fit=bounds",,structured,2026-08-19T03:50:37.154211+00:00,788eade8fb5e7cde
35713afa6b254088b61602dca54bc880,4710152,Compac nitrile gloves PF small 100/bag,Cranberry,4710152,gloves,https://www.safcodental.com/product/compac-nitrile,https://www.safcodental.com/product/compac-nitrile,8.49,USD,visible,100/bag,In stock,"Compac™ By The Cuff® Nitrile Powder Free Exam Gloves feature innovative dispensing technology designed to reduce cross-contamination, minimize glove waste, and improve operatory efficiency.",{},"https://www.safcodental.com/media/catalog/product/c/r/cranberry-compac-nitrile-front-facing-100-box_1.jpg?width=265&height=265&canvas=265,265&optimize=medium&fit=bounds",,structured,2026-08-19T03:50:37.160403+00:00,e31d4ff923d776bc
fad07740d1e04acfbc73b59f908b32d4,4710154,Compac nitrile gloves PF medium 100/bag,Cranberry,4710154,gloves,https://www.safcodental.com/product/compac-nitrile,https://www.safcodental.com/product/compac-nitrile,8.49,USD,visible,100/bag,In stock,"Compac™ By The Cuff® Nitrile Powder Free Exam Gloves feature innovative dispensing technology designed to reduce cross-contamination, minimize glove waste, and improve operatory efficiency.",{},"https://www.safcodental.com/media/catalog/product/c/r/cranberry-compac-nitrile-front-facing-100-box_1.jpg?width=265&height=265&canvas=265,265&optimize=medium&fit=bounds",,structured,2026-08-19T03:50:37.167092+00:00,38f49202506c5129
b4bbaf99308546ccb5d2f2fce57a1ea4,4710156,Compac nitrile gloves PF large 100/bag,Cranberry,4710156,gloves,https://www.safcodental.com/product/compac-nitrile,https://www.safcodental.com/product/compac-nitrile,8.49,USD,visible,100/bag,In stock,"Compac™ By The Cuff® Nitrile Powder Free Exam Gloves feature innovative dispensing technology designed to reduce cross-contamination, minimize glove waste, and improve operatory efficiency.",{},"https://www.safcodental.com/media/catalog/product/c/r/cranberry-compac-nitrile-front-facing-100-box_1.jpg?width=265&height=265&canvas=265,265&optimize=medium&fit=bounds",,structured,2026-08-19T03:50:37.173479+00:00,ba4f0b04a8df544f
6d719b4645804dae898476409c8089eb,4710158,Compac nitrile gloves PF x-large 100/bag,Cranberry,4710158,gloves,https://www.safcodental.com/product/compac-nitrile,https://www.safcodental.com/product/compac-nitrile,8.49,USD,visible,100/bag,In stock,"Compac™ By The Cuff® Nitrile Powder Free Exam Gloves feature innovative dispensing technology designed to reduce cross-contamination, minimize glove waste, and improve operatory efficiency.",{},"https://www.safcodental.com/media/catalog/product/c/r/cranberry-compac-nitrile-front-facing-100-box_1.jpg?width=265&height=265&canvas=265,265&optimize=medium&fit=bounds",,structured,2026-08-19T03:50:37.179556+00:00,8cdd2799ffae0a19
4486bc6139f249a5906f6f16db64a9fc,4713502,Crave nitrile gloves x-small 200/box,Cranberry,4713502,gloves,https://www.safcodental.com/product/crave-trade,https://www.safcodental.com/product/crave-trade,24.49,USD,visible,200/box,In stock,Powder-free nitrile exam glove with lanolin and Vitamin E. Textured fingertip finish Beaded cuff Non-chlorinated Ambidextrous Blue color Vitamin E and lanolin coated Thickness: at palm 3.5 mils; at fingertip 3.8 mils 200 gloves per box Order 10 boxes to purchase a case,{},"https://www.safcodental.com/media/catalog/product/d/r/drcca_2.jpg?width=265&height=265&canvas=265,265&optimize=medium&fit=bounds",,structured,2026-08-19T03:50:39.151643+00:00,7a547a618a9c6c05
2d29511823d04c499b4ca7ecf377ac38,4713504,Crave nitrile gloves small 200/box,Cranberry,4713504,gloves,https://www.safcodental.com/product/crave-trade,https://www.safcodental.com/product/crave-trade,24.49,USD,visible,200/box,In stock,Powder-free nitrile exam glove with lanolin and Vitamin E. Textured fingertip finish Beaded cuff Non-chlorinated Ambidextrous Blue color Vitamin E and lanolin coated Thickness: at palm 3.5 mils; at fingertip 3.8 mils 200 gloves per box Order 10 boxes to purchase a case,{},"https://www.safcodental.com/media/catalog/product/d/r/drcca_2.jpg?width=265&height=265&canvas=265,265&optimize=medium&fit=bounds",,structured,2026-08-19T03:50:39.159469+00:00,cd518dc4e53f93f2
25ddd4d0334c43129217b2fd43f1b1f5,4713506,Crave nitrile gloves medium 200/box,Cranberry,4713506,gloves,https://www.safcodental.com/product/crave-trade,https://www.safcodental.com/product/crave-trade,24.49,USD,visible,200/box,In stock,Powder-free nitrile exam glove with lanolin and Vitamin E. Textured fingertip finish Beaded cuff Non-chlorinated Ambidextrous Blue color Vitamin E and lanolin coated Thickness: at palm 3.5 mils; at fingertip 3.8 mils 200 gloves per box Order 10 boxes to purchase a case,{},"https://www.safcodental.com/media/catalog/product/d/r/drcca_2.jpg?width=265&height=265&canvas=265,265&optimize=medium&fit=bounds",,structured,2026-08-19T03:50:39.166094+00:00,b21e9e1a2ea2ff42
a431a8d3e32b43198e971f5e91900628,4713508,Crave nitrile gloves large 200/box,Cranberry,4713508,gloves,https://www.safcodental.com/product/crave-trade,https://www.safcodental.com/product/crave-trade,24.49,USD,visible,200/box,In stock,Powder-free nitrile exam glove with lanolin and Vitamin E. Textured fingertip finish Beaded cuff Non-chlorinated Ambidextrous Blue color Vitamin E and lanolin coated Thickness: at palm 3.5 mils; at fingertip 3.8 mils 200 gloves per box Order 10 boxes to purchase a case,{},"https://www.safcodental.com/media/catalog/product/d/r/drcca_2.jpg?width=265&height=265&canvas=265,265&optimize=medium&fit=bounds",,structured,2026-08-19T03:50:39.173025+00:00,30a4bad28ae83e7f
dbfb20c8e99b41ef833ccc860f3e2195,4681214,"Dash Alasta® PRO gloves, x-small, 200/box",Dash,4681214,gloves,https://www.safcodental.com/product/alasta-pro,https://www.safcodental.com/product/alasta-pro,28.49,USD,visible,200/box,In stock,"Alasta® PRO nitrile dental gloves feature Glide Assist™ technology for easy donning, even with damp hands. Soft Fit™ provides comfort and dexterity, while the medical blue color, fentanyl-tested, and chemo-approved design offers reliable protection.",{},"https://www.safcodental.com/media/catalog/product/d/r/drcdk.jpg?width=265&height=265&canvas=265,265&optimize=medium&fit=bounds",,structured,2026-08-19T03:50:41.146678+00:00,4f4d7c3cc43c7d1a
8d5d42716cd14d4ea54013963825ecd1,4681216,"Dash Alasta® PRO gloves, small, 200/box",Dash,4681216,gloves,https://www.safcodental.com/product/alasta-pro,https://www.safcodental.com/product/alasta-pro,28.49,USD,visible,200/box,In stock,"Alasta® PRO nitrile dental gloves feature Glide Assist™ technology for easy donning, even with damp hands. Soft Fit™ provides comfort and dexterity, while the medical blue color, fentanyl-tested, and chemo-approved design offers reliable protection.",{},"https://www.safcodental.com/media/catalog/product/d/r/drcdk.jpg?width=265&height=265&canvas=265,265&optimize=medium&fit=bounds",,structured,2026-08-19T03:50:41.152723+00:00,77166b8a2ffb3068
9786562d284949e6915beeb42e5ec02c,4681218,"Dash Alasta® PRO gloves, medium, 200/box",Dash,4681218,gloves,https://www.safcodental.com/product/alasta-pro,https://www.safcodental.com/product/alasta-pro,28.49,USD,visible,200/box,In stock,"Alasta® PRO nitrile dental gloves feature Glide Assist™ technology for easy donning, even with damp hands. Soft Fit™ provides comfort and dexterity, while the medical blue color, fentanyl-tested, and chemo-approved design offers reliable protection.",{},"https://www.safcodental.com/media/catalog/product/d/r/drcdk.jpg?width=265&height=265&canvas=265,265&optimize=medium&fit=bounds",,structured,2026-08-19T03:50:41.158671+00:00,6566cdccd3e9c021
fa174fb0df0c4c8b822db69632f0e4d6,4681220,"Dash Alasta® PRO gloves, large, 200/box",Dash,4681220,gloves,https://www.safcodental.com/product/alasta-pro,https://www.safcodental.com/product/alasta-pro,28.49,USD,visible,200/box,In stock,"Alasta® PRO nitrile dental gloves feature Glide Assist™ technology for easy donning, even with damp hands. Soft Fit™ provides comfort and dexterity, while the medical blue color, fentanyl-tested, and chemo-approved design offers reliable protection.",{},"https://www.safcodental.com/media/catalog/product/d/r/drcdk.jpg?width=265&height=265&canvas=265,265&optimize=medium&fit=bounds",,structured,2026-08-19T03:50:41.165834+00:00,2411840fae457552
b4a9a3ad696f42d8ab00109a872fca04,4681222,"Dash Alasta® PRO gloves, x-large, 200/box",Dash,4681222,gloves,https://www.safcodental.com/product/alasta-pro,https://www.safcodental.com/product/alasta-pro,28.49,USD,visible,200/box,In stock,"Alasta® PRO nitrile dental gloves feature Glide Assist™ technology for easy donning, even with damp hands. Soft Fit™ provides comfort and dexterity, while the medical blue color, fentanyl-tested, and chemo-approved design offers reliable protection.",{},"https://www.safcodental.com/media/catalog/product/d/r/drcdk.jpg?width=265&height=265&canvas=265,265&optimize=medium&fit=bounds",,structured,2026-08-19T03:50:41.172662+00:00,badf0eaa7402036b
91d04ba8be9c41c7ba28e720072fec5f,3028412,"HALYARD* Black Nitrile gloves, x-small, 100/box",Halyard,3028412,gloves,https://www.safcodental.com/product/halyard-black-nitrile,https://www.safcodental.com/product/halyard-black-nitrile,9.99,USD,visible,100/box,In stock,"HALYARD* Black Nitrile Exam Gloves deliver dependable protection and professional performance for dental professionals. Perfect for clinical and hygiene procedures, these nitrile gloves provide excellent tactile sensitivity and a secure grip with textured fingertips for confident instrument handling. The sleek black color conceals stains, maintaining a clean, modern look in any dental setting. Each box contains 100 gloves in a SMARTPULL* Dispenser designed to reduce waste, improve efficiency, and save valuable operatory space.",{},"https://www.safcodental.com/media/catalog/product/d/r/drcdl.jpg?width=265&height=265&canvas=265,265&optimize=medium&fit=bounds",,structured,2026-08-19T03:50:43.159902+00:00,d8204d6617bfd1f5
5deef8e87f4a4fdd8ae6a04fa9dfd4e8,3028414,"HALYARD* Black Nitrile gloves, small, 100/box",Halyard,3028414,gloves,https://www.safcodental.com/product/halyard-black-nitrile,https://www.safcodental.com/product/halyard-black-nitrile,9.99,USD,visible,100/box,In stock,"HALYARD* Black Nitrile Exam Gloves deliver dependable protection and professional performance for dental professionals. Perfect for clinical and hygiene procedures, these nitrile gloves provide excellent tactile sensitivity and a secure grip with textured fingertips for confident instrument handling. The sleek black color conceals stains, maintaining a clean, modern look in any dental setting. Each box contains 100 gloves in a SMARTPULL* Dispenser designed to reduce waste, improve efficiency, and save valuable operatory space.",{},"https://www.safcodental.com/media/catalog/product/d/r/drcdl.jpg?width=265&height=265&canvas=265,265&optimize=medium&fit=bounds",,structured,2026-08-19T03:50:43.165912+00:00,6266487aa8d3fb5d
e713979867974866976fc38b1f0268b6,3028416,"HALYARD* Black Nitrile gloves, medium, 100/box",Halyard,3028416,gloves,https://www.safcodental.com/product/halyard-black-nitrile,https://www.safcodental.com/product/halyard-black-nitrile,9.99,USD,visible,100/box,In stock,"HALYARD* Black Nitrile Exam Gloves deliver dependable protection and professional performance for dental professionals. Perfect for clinical and hygiene procedures, these nitrile gloves provide excellent tactile sensitivity and a secure grip with textured fingertips for confident instrument handling. The sleek black color conceals stains, maintaining a clean, modern look in any dental setting. Each box contains 100 gloves in a SMARTPULL* Dispenser designed to reduce waste, improve efficiency, and save valuable operatory space.",{},"https://www.safcodental.com/media/catalog/product/d/r/drcdl.jpg?width=265&height=265&canvas=265,265&optimize=medium&fit=bounds",,structured,2026-08-19T03:50:43.172054+00:00,014b74edd298a890
1c7d7600a5bd4ad3978991f8d1c5ddcc,3028418,"HALYARD* Black Nitrile gloves, large, 100/box",Halyard,3028418,gloves,https://www.safcodental.com/product/halyard-black-nitrile,https://www.safcodental.com/product/halyard-black-nitrile,9.99,USD,visible,100/box,In stock,"HALYARD* Black Nitrile Exam Gloves deliver dependable protection and professional performance for dental professionals. Perfect for clinical and hygiene procedures, these nitrile gloves provide excellent tactile sensitivity and a secure grip with textured fingertips for confident instrument handling. The sleek black color conceals stains, maintaining a clean, modern look in any dental setting. Each box contains 100 gloves in a SMARTPULL* Dispenser designed to reduce waste, improve efficiency, and save valuable operatory space.",{},"https://www.safcodental.com/media/catalog/product/d/r/drcdl.jpg?width=265&height=265&canvas=265,265&optimize=medium&fit=bounds",,structured,2026-08-19T03:50:43.178181+00:00,0515d66a965efb83
8f89bc4f91a14469859bebfb527efb07,3028420,"HALYARD* Black Nitrile gloves, x-large, 100/box",Halyard,3028420,gloves,https://www.safcodental.com/product/halyard-black-nitrile,https://www.safcodental.com/product/halyard-black-nitrile,9.99,USD,visible,100/box,In stock,"HALYARD* Black Nitrile Exam Gloves deliver dependable protection and professional performance for dental professionals. Perfect for clinical and hygiene procedures, these nitrile gloves provide excellent tactile sensitivity and a secure grip with textured fingertips for confident instrument handling. The sleek black color conceals stains, maintaining a clean, modern look in any dental setting. Each box contains 100 gloves in a SMARTPULL* Dispenser designed to reduce waste, improve efficiency, and save valuable operatory space.",{},"https://www.safcodental.com/media/catalog/product/d/r/drcdl.jpg?width=265&height=265&canvas=265,265&optimize=medium&fit=bounds",,structured,2026-08-19T03:50:43.184253+00:00,be2731cca8d53c62
91447e79c4cd47f5a41024fc53f0e059,1028073,Nitrilex Soothe nitrile gloves x-small 250/box,Safco,1028073,gloves,https://www.safcodental.com/product/safco-nitrilex-soothe,https://www.safcodental.com/product/safco-nitrilex-soothe,15.99,USD,visible,250/box,In stock,"Powder-free nitrile exam gloves. Our reliably strong and thin nitrile glove, but now with a colloidal oatmeal coating. This is specifically formulated to lock in moisture, giving your skin a chance to rehydrate from handwashing. Designed to soften your skin and soothe itching, our anti-inflammatory properties make our Safco Nitrilex Soothe perfect for clinicians with dry skin, returning your hands to their natural PH balance.  Made in Malaysia Textured fingertip finish Beaded cuff Non-chlorinated Ambidextreous Chemotherapy drug tested per ASTM D6978 Robin Egg Blue color Moisturizing anti-irritant and anti-inflammatory colloidal oatmeal coated Thickness: at palm 2.5 mils; at fingertip 3.3 mils To purchase a full case, please order as qty of 10",{},"https://www.safcodental.com/media/catalog/product/d/r/drcdj.jpg?width=265&height=265&canvas=265,265&optimize=medium&fit=bounds",,structured,2026-08-19T03:50:45.168662+00:00,545290e558bd3c42
4846ceeb5d604f42adc9ca7f1270a5da,1028077,Nitrilex Soothe nitrile gloves small 250/box,Safco,1028077,gloves,https://www.safcodental.com/product/safco-nitrilex-soothe,https://www.safcodental.com/product/safco-nitrilex-soothe,15.99,USD,visible,250/box,In stock,"Powder-free nitrile exam gloves. Our reliably strong and thin nitrile glove, but now with a colloidal oatmeal coating. This is specifically formulated to lock in moisture, giving your skin a chance to rehydrate from handwashing. Designed to soften your skin and soothe itching, our anti-inflammatory properties make our Safco Nitrilex Soothe perfect for clinicians with dry skin, returning your hands to their natural PH balance.  Made in Malaysia Textured fingertip finish Beaded cuff Non-chlorinated Ambidextreous Chemotherapy drug tested per ASTM D6978 Robin Egg Blue color Moisturizing anti-irritant and anti-inflammatory colloidal oatmeal coated Thickness: at palm 2.5 mils; at fingertip 3.3 mils To purchase a full case, please order as qty of 10",{},"https://www.safcodental.com/media/catalog/product/d/r/drcdj.jpg?width=265&height=265&canvas=265,265&optimize=medium&fit=bounds",,structured,2026-08-19T03:50:45.175174+00:00,27076702b960447f
5f958f406ec141fe8d4665b8d39db564,1028078,Nitrilex Soothe nitrile gloves medium 250/box,Safco,1028078,gloves,https://www.safcodental.com/product/safco-nitrilex-soothe,https://www.safcodental.com/product/safco-nitrilex-soothe,15.99,USD,visible,250/box,In stock,"Powder-free nitrile exam gloves. Our reliably strong and thin nitrile glove, but now with a colloidal oatmeal coating. This is specifically formulated to lock in moisture, giving your skin a chance to rehydrate from handwashing. Designed to soften your skin and soothe itching, our anti-inflammatory properties make our Safco Nitrilex Soothe perfect for clinicians with dry skin, returning your hands to their natural PH balance.  Made in Malaysia Textured fingertip finish Beaded cuff Non-chlorinated Ambidextreous Chemotherapy drug tested per ASTM D6978 Robin Egg Blue color Moisturizing anti-irritant and anti-inflammatory colloidal oatmeal coated Thickness: at palm 2.5 mils; at fingertip 3.3 mils To purchase a full case, please order as qty of 10",{},"https://www.safcodental.com/media/catalog/product/d/r/drcdj.jpg?width=265&height=265&canvas=265,265&optimize=medium&fit=bounds",,structured,2026-08-19T03:50:45.182870+00:00,0f95644a321c75a2
da73544e7ec1453c9f49d9bed725c108,1028086,Nitrilex Soothe nitrile gloves large 250/box,Safco,1028086,gloves,https://www.safcodental.com/product/safco-nitrilex-soothe,https://www.safcodental.com/product/safco-nitrilex-soothe,15.99,USD,visible,250/box,In stock,"Powder-free nitrile exam gloves. Our reliably strong and thin nitrile glove, but now with a colloidal oatmeal coating. This is specifically formulated to lock in moisture, giving your skin a chance to rehydrate from handwashing. Designed to soften your skin and soothe itching, our anti-inflammatory properties make our Safco Nitrilex Soothe perfect for clinicians with dry skin, returning your hands to their natural PH balance.  Made in Malaysia Textured fingertip finish Beaded cuff Non-chlorinated Ambidextreous Chemotherapy drug tested per ASTM D6978 Robin Egg Blue color Moisturizing anti-irritant and anti-inflammatory colloidal oatmeal coated Thickness: at palm 2.5 mils; at fingertip 3.3 mils To purchase a full case, please order as qty of 10",{},"https://www.safcodental.com/media/catalog/product/d/r/drcdj.jpg?width=265&height=265&canvas=265,265&optimize=medium&fit=bounds",,structured,2026-08-19T03:50:45.189175+00:00,36523be2747031dc
76487235382c44bf980468a007a16e77,1028088,Nitrilex Soothe nitrile gloves x-large 250/box,Safco,1028088,gloves,https://www.safcodental.com/product/safco-nitrilex-soothe,https://www.safcodental.com/product/safco-nitrilex-soothe,15.99,USD,visible,250/box,In stock,"Powder-free nitrile exam gloves. Our reliably strong and thin nitrile glove, but now with a colloidal oatmeal coating. This is specifically formulated to lock in moisture, giving your skin a chance to rehydrate from handwashing. Designed to soften your skin and soothe itching, our anti-inflammatory properties make our Safco Nitrilex Soothe perfect for clinicians with dry skin, returning your hands to their natural PH balance.  Made in Malaysia Textured fingertip finish Beaded cuff Non-chlorinated Ambidextreous Chemotherapy drug tested per ASTM D6978 Robin Egg Blue color Moisturizing anti-irritant and anti-inflammatory colloidal oatmeal coated Thickness: at palm 2.5 mils; at fingertip 3.3 mils To purchase a full case, please order as qty of 10",{},"https://www.safcodental.com/media/catalog/product/d/r/drcdj.jpg?width=265&height=265&canvas=265,265&optimize=medium&fit=bounds",,structured,2026-08-19T03:50:45.197049+00:00,52193d739c444aca
af0593bc0b834f1582a04d884fba4c3d,4680090,Black Maxx nitrile x-small 200/box,Dash,4680090,gloves,https://www.safcodental.com/product/black-maxx-sup-reg-sup,https://www.safcodental.com/product/black-maxx-sup-reg-sup,28.49,USD,visible,200/box,In stock,Powder-free black nitrile exam gloves with Glide Assist Technology for easy donning on damp hands.,{},"https://www.safcodental.com/media/catalog/product/d/r/drcdi.jpg?width=265&height=265&canvas=265,265&optimize=medium&fit=bounds",,structured,2026-08-19T03:50:47.159680+00:00,ecc553d072a9dea5
b9cd25a54ecc4980bfd2f2c5d215c797,4680092,Black Maxx nitrile small 200/box,Dash,4680092,gloves,https://www.safcodental.com/product/black-maxx-sup-reg-sup,https://www.safcodental.com/product/black-maxx-sup-reg-sup,28.49,USD,visible,200/box,In stock,Powder-free black nitrile exam gloves with Glide Assist Technology for easy donning on damp hands.,{},"https://www.safcodental.com/media/catalog/product/d/r/drcdi.jpg?width=265&height=265&canvas=265,265&optimize=medium&fit=bounds",,structured,2026-08-19T03:50:47.166704+00:00,cb501188a37af19a
63daf0fa14a940ad9b0955d874d32b03,4680094,Black Maxx nitrile medium 200/box,Dash,4680094,gloves,https://www.safcodental.com/product/black-maxx-sup-reg-sup,https://www.safcodental.com/product/black-maxx-sup-reg-sup,28.49,USD,visible,200/box,In stock,Powder-free black nitrile exam gloves with Glide Assist Technology for easy donning on damp hands.,{},"https://www.safcodental.com/media/catalog/product/d/r/drcdi.jpg?width=265&height=265&canvas=265,265&optimize=medium&fit=bounds",,structured,2026-08-19T03:50:47.175403+00:00,1f561b6dae03c8ef
6e31b40be8b24ec0bb8bc9422614801c,4680096,Black Maxx nitrile large 200/box,Dash,4680096,gloves,https://www.safcodental.com/product/black-maxx-sup-reg-sup,https://www.safcodental.com/product/black-maxx-sup-reg-sup,28.49,USD,visible,200/box,In stock,Powder-free black nitrile exam gloves with Glide Assist Technology for easy donning on damp hands.,{},"https://www.safcodental.com/media/catalog/product/d/r/drcdi.jpg?width=265&height=265&canvas=265,265&optimize=medium&fit=bounds",,structured,2026-08-19T03:50:47.182484+00:00,d4a27a022785fc4a
e841933331f64855b62714c1484b0b9e,4680098,Black Maxx nitrile x-large 200/box,Dash,4680098,gloves,https://www.safcodental.com/product/black-maxx-sup-reg-sup,https://www.safcodental.com/product/black-maxx-sup-reg-sup,28.49,USD,visible,200/box,In stock,Powder-free black nitrile exam gloves with Glide Assist Technology for easy donning on damp hands.,{},"https://www.safcodental.com/media/catalog/product/d/r/drcdi.jpg?width=265&height=265&canvas=265,265&optimize=medium&fit=bounds",,structured,2026-08-19T03:50:47.188805+00:00,122ec6afced893d8
29531dd12777498a8c75034ac8030e19,4680077,GloveUp nitrile x-small 300/box,Dash,4680077,gloves,https://www.safcodental.com/product/gloveup-sup-reg-sup,https://www.safcodental.com/product/gloveup-sup-reg-sup,38.49,USD,visible,300/box,In stock,Powder-free nitrile exam gloves. Textured fingertip finish Beaded cuff Ambidextrous Cobalt color Thickness: at palm 1.9 mils; at fingertip 3.1 mils Order 10 boxes to purchase a case,{},"https://www.safcodental.com/media/catalog/product/d/r/drcdh.jpg?width=265&height=265&canvas=265,265&optimize=medium&fit=bounds",,structured,2026-08-19T03:50:49.175976+00:00,0521b1a565e40af1
1a3fcdcc814444b99541f12ed2b40ec9,4680078,GloveUp nitrile small 300/box,Dash,4680078,gloves,https://www.safcodental.com/product/gloveup-sup-reg-sup,https://www.safcodental.com/product/gloveup-sup-reg-sup,38.49,USD,visible,300/box,In stock,Powder-free nitrile exam gloves. Textured fingertip finish Beaded cuff Ambidextrous Cobalt color Thickness: at palm 1.9 mils; at fingertip 3.1 mils Order 10 boxes to purchase a case,{},"https://www.safcodental.com/media/catalog/product/d/r/drcdh.jpg?width=265&height=265&canvas=265,265&optimize=medium&fit=bounds",,structured,2026-08-19T03:50:49.181918+00:00,94dc47e59279e44b
d4d038bcd1484ccab26e824bc9a9f250,4680079,GloveUp nitrile medium 300/box,Dash,4680079,gloves,https://www.safcodental.com/product/gloveup-sup-reg-sup,https://www.safcodental.com/product/gloveup-sup-reg-sup,38.49,USD,visible,300/box,In stock,Powder-free nitrile exam gloves. Textured fingertip finish Beaded cuff Ambidextrous Cobalt color Thickness: at palm 1.9 mils; at fingertip 3.1 mils Order 10 boxes to purchase a case,{},"https://www.safcodental.com/media/catalog/product/d/r/drcdh.jpg?width=265&height=265&canvas=265,265&optimize=medium&fit=bounds",,structured,2026-08-19T03:50:49.188168+00:00,1a7cd21363d342f0
15176d9b3fcd4bfdae97041adbac76e0,4680080,GloveUp nitrile large 300/box,Dash,4680080,gloves,https://www.safcodental.com/product/gloveup-sup-reg-sup,https://www.safcodental.com/product/gloveup-sup-reg-sup,38.49,USD,visible,300/box,In stock,Powder-free nitrile exam gloves. Textured fingertip finish Beaded cuff Ambidextrous Cobalt color Thickness: at palm 1.9 mils; at fingertip 3.1 mils Order 10 boxes to purchase a case,{},"https://www.safcodental.com/media/catalog/product/d/r/drcdh.jpg?width=265&height=265&canvas=265,265&optimize=medium&fit=bounds",,structured,2026-08-19T03:50:49.197159+00:00,a3b925735a60d50a
16aa457a678a47578095f76fc693e873,4680081,GloveUp nitrile x-large 250/box,Dash,4680081,gloves,https://www.safcodental.com/product/gloveup-sup-reg-sup,https://www.safcodental.com/product/gloveup-sup-reg-sup,38.49,USD,visible,250/box,In stock,Powder-free nitrile exam gloves. Textured fingertip finish Beaded cuff Ambidextrous Cobalt color Thickness: at palm 1.9 mils; at fingertip 3.1 mils Order 10 boxes to purchase a case,{},"https://www.safcodental.com/media/catalog/product/d/r/drcdh.jpg?width=265&height=265&canvas=265,265&optimize=medium&fit=bounds",,structured,2026-08-19T03:50:49.204678+00:00,a3fadb8747e999bd
085fe26239604ee8aabafde15ba0241b,4710068,Cranberry BioNitrile nitrile gloves x-small 300/box,Cranberry,4710068,gloves,https://www.safcodental.com/product/bio-nitrile-sup-reg-sup,https://www.safcodental.com/product/bio-nitrile-sup-reg-sup,29.99,USD,visible,300/box,In stock,BioNitrile gloves are made with advanced biodegradable materials that break down 90% in less than 1.5 years. This reduces permanent waste and means less greenhouse gas emissions. Textured fingertip finish Beaded cuff Ambidextrous Blue color Thickness at palm 2.0 mils Thickness at fingertip 2.2 mils 300 gloves per box (250 size XL) Order 10 boxes to purchase a case.,{},"https://www.safcodental.com/media/catalog/product/d/r/drcdg.jpg?width=265&height=265&canvas=265,265&optimize=medium&fit=bounds",,structured,2026-08-19T03:50:51.230265+00:00,7f430be790bbe5dd
94d614261660456a8ba04a54fd759460,4710070,Cranberry BioNitrile nitrile gloves small 300/box,Cranberry,4710070,gloves,https://www.safcodental.com/product/bio-nitrile-sup-reg-sup,https://www.safcodental.com/product/bio-nitrile-sup-reg-sup,29.99,USD,visible,300/box,In stock,BioNitrile gloves are made with advanced biodegradable materials that break down 90% in less than 1.5 years. This reduces permanent waste and means less greenhouse gas emissions. Textured fingertip finish Beaded cuff Ambidextrous Blue color Thickness at palm 2.0 mils Thickness at fingertip 2.2 mils 300 gloves per box (250 size XL) Order 10 boxes to purchase a case.,{},"https://www.safcodental.com/media/catalog/product/d/r/drcdg.jpg?width=265&height=265&canvas=265,265&optimize=medium&fit=bounds",,structured,2026-08-19T03:50:51.236777+00:00,eadb610eda733b5e
9f9a418fe58844c8ad1e0e61b475b110,4710072,Cranberry BioNitrile nitrile gloves medium 300/box,Cranberry,4710072,gloves,https://www.safcodental.com/product/bio-nitrile-sup-reg-sup,https://www.safcodental.com/product/bio-nitrile-sup-reg-sup,29.99,USD,visible,300/box,In stock,BioNitrile gloves are made with advanced biodegradable materials that break down 90% in less than 1.5 years. This reduces permanent waste and means less greenhouse gas emissions. Textured fingertip finish Beaded cuff Ambidextrous Blue color Thickness at palm 2.0 mils Thickness at fingertip 2.2 mils 300 gloves per box (250 size XL) Order 10 boxes to purchase a case.,{},"https://www.safcodental.com/media/catalog/product/d/r/drcdg.jpg?width=265&height=265&canvas=265,265&optimize=medium&fit=bounds",,structured,2026-08-19T03:50:51.243442+00:00,06bd807b89027080
97abfa282f2f4745861623eddb33c58b,4710074,Cranberry BioNitrile nitrile gloves large 300/box,Cranberry,4710074,gloves,https://www.safcodental.com/product/bio-nitrile-sup-reg-sup,https://www.safcodental.com/product/bio-nitrile-sup-reg-sup,29.99,USD,visible,300/box,In stock,BioNitrile gloves are made with advanced biodegradable materials that break down 90% in less than 1.5 years. This reduces permanent waste and means less greenhouse gas emissions. Textured fingertip finish Beaded cuff Ambidextrous Blue color Thickness at palm 2.0 mils Thickness at fingertip 2.2 mils 300 gloves per box (250 size XL) Order 10 boxes to purchase a case.,{},"https://www.safcodental.com/media/catalog/product/d/r/drcdg.jpg?width=265&height=265&canvas=265,265&optimize=medium&fit=bounds",,structured,2026-08-19T03:50:51.249601+00:00,b9ec9fc2bef59846
c44888beda79446486684ff6a2cb7743,4710076,Cranberry BioNitrile nitrile gloves x-large 250/box,Cranberry,4710076,gloves,https://www.safcodental.com/product/bio-nitrile-sup-reg-sup,https://www.safcodental.com/product/bio-nitrile-sup-reg-sup,29.99,USD,visible,250/box,In stock,BioNitrile gloves are made with advanced biodegradable materials that break down 90% in less than 1.5 years. This reduces permanent waste and means less greenhouse gas emissions. Textured fingertip finish Beaded cuff Ambidextrous Blue color Thickness at palm 2.0 mils Thickness at fingertip 2.2 mils 300 gloves per box (250 size XL) Order 10 boxes to purchase a case.,{},"https://www.safcodental.com/media/catalog/product/d/r/drcdg.jpg?width=265&height=265&canvas=265,265&optimize=medium&fit=bounds",,structured,2026-08-19T03:50:51.256087+00:00,0e72a37af32005f4
142c3a28bf174fafae32ae6c266fd9b8,8210002,"QUANTUM BLUE NITRILE SMALL, 100/BOX",Quantum,8210002,gloves,https://www.safcodental.com/product/quantum-blue,https://www.safcodental.com/product/quantum-blue,8.59,USD,visible,100/BOX,In stock,"Powder-free nitrile exam gloves. The soft and stretchy formulation of the Quantum Blue Nitrile Exam Glove provides for an exceptional fit and feel. Nonstick interior makes donning a breeze, even with damp hands. Micro-textured outer surface allows superior gripping of instruments. The super soft and stretchy formulation mimics the fit and feel of latex. Quantum Blue exam gloves are highly puncture and chemical resistant. Super soft and stretchy Non-stick inner surface Fit: Ambidextrous 4.0 MIL thick Length: 9.5"" Beaded cuff Micro-textured outer surface Color: Vibrant blue Industries: Dental, veterinarian, mortuary, cleaning, tattoo Case Pack: 100 gloves per box, 10 boxes per case Formerly called Cobalt Blue",{},"https://www.safcodental.com/media/catalog/product/d/r/drcde.jpg?width=265&height=265&canvas=265,265&optimize=medium&fit=bounds",,structured,2026-08-19T03:50:53.233618+00:00,e74657a8d56c7068
2e229ac758e948a5894358880070a7d9,8210003,QUANTUM BLUE NITRILE MEDIUM 100/BOX,Quantum,8210003,gloves,https://www.safcodental.com/product/quantum-blue,https://www.safcodental.com/product/quantum-blue,8.59,USD,visible,100/BOX,In stock,"Powder-free nitrile exam gloves. The soft and stretchy formulation of the Quantum Blue Nitrile Exam Glove provides for an exceptional fit and feel. Nonstick interior makes donning a breeze, even with damp hands. Micro-textured outer surface allows superior gripping of instruments. The super soft and stretchy formulation mimics the fit and feel of latex. Quantum Blue exam gloves are highly puncture and chemical resistant. Super soft and stretchy Non-stick inner surface Fit: Ambidextrous 4.0 MIL thick Length: 9.5"" Beaded cuff Micro-textured outer surface Color: Vibrant blue Industries: Dental, veterinarian, mortuary, cleaning, tattoo Case Pack: 100 gloves per box, 10 boxes per case Formerly called Cobalt Blue",{},"https://www.safcodental.com/media/catalog/product/d/r/drcde.jpg?width=265&height=265&canvas=265,265&optimize=medium&fit=bounds",,structured,2026-08-19T03:50:53.240799+00:00,0b50d84b59e28451
112fb711c0e14efc90cf6f37ad940d75,8210004,"QUANTUM BLUE NITRILE LARGE, 100/BOX",Quantum,8210004,gloves,https://www.safcodental.com/product/quantum-blue,https://www.safcodental.com/product/quantum-blue,8.59,USD,visible,100/BOX,In stock,"Powder-free nitrile exam gloves. The soft and stretchy formulation of the Quantum Blue Nitrile Exam Glove provides for an exceptional fit and feel. Nonstick interior makes donning a breeze, even with damp hands. Micro-textured outer surface allows superior gripping of instruments. The super soft and stretchy formulation mimics the fit and feel of latex. Quantum Blue exam gloves are highly puncture and chemical resistant. Super soft and stretchy Non-stick inner surface Fit: Ambidextrous 4.0 MIL thick Length: 9.5"" Beaded cuff Micro-textured outer surface Color: Vibrant blue Industries: Dental, veterinarian, mortuary, cleaning, tattoo Case Pack: 100 gloves per box, 10 boxes per case Formerly called Cobalt Blue",{},"https://www.safcodental.com/media/catalog/product/d/r/drcde.jpg?width=265&height=265&canvas=265,265&optimize=medium&fit=bounds",,structured,2026-08-19T03:50:53.247346+00:00,41b512457ce06d23
a074548377464b4389d222fbf7d44dbd,8210005,"QUANTUM BLUE NITRILE X-LARGE, 100/BOX",Quantum,8210005,gloves,https://www.safcodental.com/product/quantum-blue,https://www.safcodental.com/product/quantum-blue,8.59,USD,visible,100/BOX,In stock,"Powder-free nitrile exam gloves. The soft and stretchy formulation of the Quantum Blue Nitrile Exam Glove provides for an exceptional fit and feel. Nonstick interior makes donning a breeze, even with damp hands. Micro-textured outer surface allows superior gripping of instruments. The super soft and stretchy formulation mimics the fit and feel of latex. Quantum Blue exam gloves are highly puncture and chemical resistant. Super soft and stretchy Non-stick inner surface Fit: Ambidextrous 4.0 MIL thick Length: 9.5"" Beaded cuff Micro-textured outer surface Color: Vibrant blue Industries: Dental, veterinarian, mortuary, cleaning, tattoo Case Pack: 100 gloves per box, 10 boxes per case Formerly called Cobalt Blue",{},"https://www.safcodental.com/media/catalog/product/d/r/drcde.jpg?width=265&height=265&canvas=265,265&optimize=medium&fit=bounds",,structured,2026-08-19T03:50:53.255048+00:00,af4f03b2ac23c61b
2b83adae42e64b478f986f4f03510092,8210014,"QUANTUM BLUE NITRILE XS, 100/BOX",Quantum,8210014,gloves,https://www.safcodental.com/product/quantum-blue,https://www.safcodental.com/product/quantum-blue,8.59,USD,visible,100/BOX,In stock,"Powder-free nitrile exam gloves. The soft and stretchy formulation of the Quantum Blue Nitrile Exam Glove provides for an exceptional fit and feel. Nonstick interior makes donning a breeze, even with damp hands. Micro-textured outer surface allows superior gripping of instruments. The super soft and stretchy formulation mimics the fit and feel of latex. Quantum Blue exam gloves are highly puncture and chemical resistant. Super soft and stretchy Non-stick inner surface Fit: Ambidextrous 4.0 MIL thick Length: 9.5"" Beaded cuff Micro-textured outer surface Color: Vibrant blue Industries: Dental, veterinarian, mortuary, cleaning, tattoo Case Pack: 100 gloves per box, 10 boxes per case Formerly called Cobalt Blue",{},"https://www.safcodental.com/media/catalog/product/d/r/drcde.jpg?width=265&height=265&canvas=265,265&optimize=medium&fit=bounds",,structured,2026-08-19T03:50:53.261056+00:00,1e639cae4028ac2e
f4c07e0470de4501a559a33be855df76,8100014,POWERFORM BLACK NITRILE EXAM ECO 5.0 MIL SMALL,SW Safety,8100014,gloves,https://www.safcodental.com/product/powerform-black,https://www.safcodental.com/product/powerform-black,18.99,USD,visible,,In stock,"Powder-free nitrile exam gloves. Protect hands and the environment with a biodegradable single-use exam glove that combines performance, durability and tactile sensitivity for critical tasks. EcoTek® Biodegradability Technology accelerates landfill breakdown without any performance loss.  Tear-resistant beaded cuff  Fully textured Consistent thickness for greater dexterity and tactile sensitivity Silicone-free for critical environments Clean processing technology reduces potential skin irritation Black color 5.0 mil. thickness 1.5 AQL exceeds laboratory standards 100 gloves per box Order 10 boxes to purchase a case.",{},"https://www.safcodental.com/media/catalog/product/d/r/drcdd.jpg?width=265&height=265&canvas=265,265&optimize=medium&fit=bounds",,structured,2026-08-19T03:50:55.184690+00:00,32f77aff81bda6f6
5603dd04303d417a959dc4047d58afa1,8100015,"PowerForm black nitrile exam Eco 5.0 mil, Med",SW Safety,8100015,gloves,https://www.safcodental.com/product/powerform-black,https://www.safcodental.com/product/powerform-black,18.99,USD,visible,,In stock,"Powder-free nitrile exam gloves. Protect hands and the environment with a biodegradable single-use exam glove that combines performance, durability and tactile sensitivity for critical tasks. EcoTek® Biodegradability Technology accelerates landfill breakdown without any performance loss.  Tear-resistant beaded cuff  Fully textured Consistent thickness for greater dexterity and tactile sensitivity Silicone-free for critical environments Clean processing technology reduces potential skin irritation Black color 5.0 mil. thickness 1.5 AQL exceeds laboratory standards 100 gloves per box Order 10 boxes to purchase a case.",{},"https://www.safcodental.com/media/catalog/product/d/r/drcdd.jpg?width=265&height=265&canvas=265,265&optimize=medium&fit=bounds",,structured,2026-08-19T03:50:55.192354+00:00,0ef26818b7e80ca1
b123d605ea49496f92643f349e871b12,8100016,POWERFORM BLACK NITRILE EXAM ECO 5.0 MIL LARGE,SW Safety,8100016,gloves,https://www.safcodental.com/product/powerform-black,https://www.safcodental.com/product/powerform-black,16.49,USD,visible,,In stock,"Powder-free nitrile exam gloves. Protect hands and the environment with a biodegradable single-use exam glove that combines performance, durability and tactile sensitivity for critical tasks. EcoTek® Biodegradability Technology accelerates landfill breakdown without any performance loss.  Tear-resistant beaded cuff  Fully textured Consistent thickness for greater dexterity and tactile sensitivity Silicone-free for critical environments Clean processing technology reduces potential skin irritation Black color 5.0 mil. thickness 1.5 AQL exceeds laboratory standards 100 gloves per box Order 10 boxes to purchase a case.",{},"https://www.safcodental.com/media/catalog/product/d/r/drcdd.jpg?width=265&height=265&canvas=265,265&optimize=medium&fit=bounds",,structured,2026-08-19T03:50:55.198483+00:00,142674c2fdfe2574
296ab94cc65644c79b4d3658e753a06d,8100017,"PowerForm black nitrile exam Eco 5.0 mil, X-Lrg",SW Safety,8100017,gloves,https://www.safcodental.com/product/powerform-black,https://www.safcodental.com/product/powerform-black,16.49,USD,visible,,In stock,"Powder-free nitrile exam gloves. Protect hands and the environment with a biodegradable single-use exam glove that combines performance, durability and tactile sensitivity for critical tasks. EcoTek® Biodegradability Technology accelerates landfill breakdown without any performance loss.  Tear-resistant beaded cuff  Fully textured Consistent thickness for greater dexterity and tactile sensitivity Silicone-free for critical environments Clean processing technology reduces potential skin irritation Black color 5.0 mil. thickness 1.5 AQL exceeds laboratory standards 100 gloves per box Order 10 boxes to purchase a case.",{},"https://www.safcodental.com/media/catalog/product/d/r/drcdd.jpg?width=265&height=265&canvas=265,265&optimize=medium&fit=bounds",,structured,2026-08-19T03:50:55.205262+00:00,727ac0c6c11c9471
b93db0e836c048a59986d6bde4a4af26,8100018,"PowerForm black nitrile exam Eco 5.0 mil, XX-Lrg",SW Safety,8100018,gloves,https://www.safcodental.com/product/powerform-black,https://www.safcodental.com/product/powerform-black,18.99,USD,visible,,In stock,"Powder-free nitrile exam gloves. Protect hands and the environment with a biodegradable single-use exam glove that combines performance, durability and tactile sensitivity for critical tasks. EcoTek® Biodegradability Technology accelerates landfill breakdown without any performance loss.  Tear-resistant beaded cuff  Fully textured Consistent thickness for greater dexterity and tactile sensitivity Silicone-free for critical environments Clean processing technology reduces potential skin irritation Black color 5.0 mil. thickness 1.5 AQL exceeds laboratory standards 100 gloves per box Order 10 boxes to purchase a case.",{},"https://www.safcodental.com/media/catalog/product/d/r/drcdd.jpg?width=265&height=265&canvas=265,265&optimize=medium&fit=bounds",,structured,2026-08-19T03:50:55.211513+00:00,f285c7abbccc5acf
c38b24b1f1e64af78118253a4168f1f9,8100010,TRUEFORM NITRILE EXAM GLOVE 3.1 MIL - SM,SW Safety,8100010,gloves,https://www.safcodental.com/product/trueform,https://www.safcodental.com/product/trueform,17.97,USD,visible,,In stock,"SW Safety TrueForm Exam Glove TF-95RB 3.1 MIL in Royal Blue. Medical grade glove with textured fingertips and reinforced palm. Perfect for dental, medical applications as well as veterinarian and dairy. ",{},"https://www.safcodental.com/media/catalog/product/d/r/drcdc.jpg?width=265&height=265&canvas=265,265&optimize=medium&fit=bounds",,structured,2026-08-19T03:50:57.202895+00:00,b679583873396804
2007e732c71a4b4ebab2c49e9e067f2f,8100011,TRUEFORM NITRILE EXAM GLOVE 3.1 MIL- MED,SW Safety,8100011,gloves,https://www.safcodental.com/product/trueform,https://www.safcodental.com/product/trueform,12.99,USD,visible,,In stock,"SW Safety TrueForm Exam Glove TF-95RB 3.1 MIL in Royal Blue. Medical grade glove with textured fingertips and reinforced palm. Perfect for dental, medical applications as well as veterinarian and dairy. ",{},"https://www.safcodental.com/media/catalog/product/d/r/drcdc.jpg?width=265&height=265&canvas=265,265&optimize=medium&fit=bounds",,structured,2026-08-19T03:50:57.212063+00:00,86a9fbba2b786c26
aa4895cf8ec247d2a1ac3e383a9cf0ac,8100012,TRUEFORM NITRILE EXAM GLOVE 3.1 MIL- LAR,SW Safety,8100012,gloves,https://www.safcodental.com/product/trueform,https://www.safcodental.com/product/trueform,17.97,USD,visible,,In stock,"SW Safety TrueForm Exam Glove TF-95RB 3.1 MIL in Royal Blue. Medical grade glove with textured fingertips and reinforced palm. Perfect for dental, medical applications as well as veterinarian and dairy. ",{},"https://www.safcodental.com/media/catalog/product/d/r/drcdc.jpg?width=265&height=265&canvas=265,265&optimize=medium&fit=bounds",,structured,2026-08-19T03:50:57.221115+00:00,5e12a54491cf38da
e496342fa53347099b1b6bd88f8b9dcb,8100013,TRUEFORM NITRILE EXAM GLOVE 3.1 MIL - X,SW Safety,8100013,gloves,https://www.safcodental.com/product/trueform,https://www.safcodental.com/product/trueform,17.97,USD,visible,,In stock,"SW Safety TrueForm Exam Glove TF-95RB 3.1 MIL in Royal Blue. Medical grade glove with textured fingertips and reinforced palm. Perfect for dental, medical applications as well as veterinarian and dairy. ",{},"https://www.safcodental.com/media/catalog/product/d/r/drcdc.jpg?width=265&height=265&canvas=265,265&optimize=medium&fit=bounds",,structured,2026-08-19T03:50:57.230830+00:00,cc2f9b928b20efbe
4b956f4884ee464293d9b693a40ebd9f,3890030,Microflex MidKnight Touch gloves x-small 100/box,Ansell,3890030,gloves,https://www.safcodental.com/product/microflex-reg-midknight-trade-touch,https://www.safcodental.com/product/microflex-reg-midknight-trade-touch,11.49,USD,visible,100/box,In stock,Powder-free nitrile exam gloves. ERGOFORM technology reduces muscle strain and improves comfort Textured fingertip finish Beaded cuff Ambidextrous Black color Thickness: at palm 2.8 mils; at fingertip 4.3 mils 100 gloves per box Order 10 boxes to purchase a case,{},"https://www.safcodental.com/media/catalog/product/d/r/drcdb.jpg?width=265&height=265&canvas=265,265&optimize=medium&fit=bounds",,structured,2026-08-19T03:50:59.254173+00:00,886f53ccdabe65f6
e5c6cc902f5348f39cebbbdeb34c750a,3890032,Microflex MidKnight Touch gloves small 100/box,Ansell,3890032,gloves,https://www.safcodental.com/product/microflex-reg-midknight-trade-touch,https://www.safcodental.com/product/microflex-reg-midknight-trade-touch,11.49,USD,visible,100/box,In stock,Powder-free nitrile exam gloves. ERGOFORM technology reduces muscle strain and improves comfort Textured fingertip finish Beaded cuff Ambidextrous Black color Thickness: at palm 2.8 mils; at fingertip 4.3 mils 100 gloves per box Order 10 boxes to purchase a case,{},"https://www.safcodental.com/media/catalog/product/d/r/drcdb.jpg?width=265&height=265&canvas=265,265&optimize=medium&fit=bounds",,structured,2026-08-19T03:50:59.261292+00:00,4ac0192788bf9a64
d246136d528a4815ab3f80db9ff6ad2f,3890034,Microflex MidKnight Touch gloves medium 100/box,Ansell,3890034,gloves,https://www.safcodental.com/product/microflex-reg-midknight-trade-touch,https://www.safcodental.com/product/microflex-reg-midknight-trade-touch,11.49,USD,visible,100/box,In stock,Powder-free nitrile exam gloves. ERGOFORM technology reduces muscle strain and improves comfort Textured fingertip finish Beaded cuff Ambidextrous Black color Thickness: at palm 2.8 mils; at fingertip 4.3 mils 100 gloves per box Order 10 boxes to purchase a case,{},"https://www.safcodental.com/media/catalog/product/d/r/drcdb.jpg?width=265&height=265&canvas=265,265&optimize=medium&fit=bounds",,structured,2026-08-19T03:50:59.270284+00:00,9c982fb8628bed68
58b8102f4bfe4ff385afd713e4bc3f39,3890036,Microflex MidKnight Touch gloves large 100/box,Ansell,3890036,gloves,https://www.safcodental.com/product/microflex-reg-midknight-trade-touch,https://www.safcodental.com/product/microflex-reg-midknight-trade-touch,11.49,USD,visible,100/box,In stock,Powder-free nitrile exam gloves. ERGOFORM technology reduces muscle strain and improves comfort Textured fingertip finish Beaded cuff Ambidextrous Black color Thickness: at palm 2.8 mils; at fingertip 4.3 mils 100 gloves per box Order 10 boxes to purchase a case,{},"https://www.safcodental.com/media/catalog/product/d/r/drcdb.jpg?width=265&height=265&canvas=265,265&optimize=medium&fit=bounds",,structured,2026-08-19T03:50:59.280283+00:00,3b8a9ceb298c723f
d6778d6f00154f24bd2d6697e011eea0,3890038,Microflex MidKnight Touch gloves x-large 100/box,Ansell,3890038,gloves,https://www.safcodental.com/product/microflex-reg-midknight-trade-touch,https://www.safcodental.com/product/microflex-reg-midknight-trade-touch,11.49,USD,visible,100/box,In stock,Powder-free nitrile exam gloves. ERGOFORM technology reduces muscle strain and improves comfort Textured fingertip finish Beaded cuff Ambidextrous Black color Thickness: at palm 2.8 mils; at fingertip 4.3 mils 100 gloves per box Order 10 boxes to purchase a case,{},"https://www.safcodental.com/media/catalog/product/d/r/drcdb.jpg?width=265&height=265&canvas=265,265&optimize=medium&fit=bounds",,structured,2026-08-19T03:50:59.288238+00:00,643170eb9712cf1f
30a9c7a1c2ae46cfaf0416fc8707b12b,3890050,"Micro-Touch NitraFree Blue nitrile gloves x-small, 200/box",Ansell,3890050,gloves,https://www.safcodental.com/product/micro-touch-reg-nitrafree-trade-blue,https://www.safcodental.com/product/micro-touch-reg-nitrafree-trade-blue,19.99,USD,visible,200/box,In stock,Powder-free nitrile exam gloves. Comfortable and reliable protection with a low dermatits potential. Made without sulfur-based chemical accelerants for tactility and to help prevent allergic reactions. Textured fingertip finish Beaded cuff Ambidextrous Blue color Thickness: at palm 2.8 mils; at fingertip 3.9 mils 200 gloves per box (X-large 180 gloves per box) Order 10 boxes to purchase a case Tested for use with chemotherapy drugs,{},"https://www.safcodental.com/media/catalog/product/d/r/drccz.jpg?width=265&height=265&canvas=265,265&optimize=medium&fit=bounds",,structured,2026-08-19T03:51:01.200809+00:00,c101cadd0aa933e1
a09faf9861d8459cb1963409a889ec93,3890052,"Micro-Touch NitraFree Blue nitrile gloves small, 200/box",Ansell,3890052,gloves,https://www.safcodental.com/product/micro-touch-reg-nitrafree-trade-blue,https://www.safcodental.com/product/micro-touch-reg-nitrafree-trade-blue,19.99,USD,visible,200/box,In stock,Powder-free nitrile exam gloves. Comfortable and reliable protection with a low dermatits potential. Made without sulfur-based chemical accelerants for tactility and to help prevent allergic reactions. Textured fingertip finish Beaded cuff Ambidextrous Blue color Thickness: at palm 2.8 mils; at fingertip 3.9 mils 200 gloves per box (X-large 180 gloves per box) Order 10 boxes to purchase a case Tested for use with chemotherapy drugs,{},"https://www.safcodental.com/media/catalog/product/d/r/drccz.jpg?width=265&height=265&canvas=265,265&optimize=medium&fit=bounds",,structured,2026-08-19T03:51:01.206570+00:00,17ba7ea69a109b23
afba2e0e84e74e14848a57043e9000b5,3890054,"Micro-Touch NitraFree Blue nitrile gloves medium, 200/box",Ansell,3890054,gloves,https://www.safcodental.com/product/micro-touch-reg-nitrafree-trade-blue,https://www.safcodental.com/product/micro-touch-reg-nitrafree-trade-blue,19.99,USD,visible,200/box,In stock,Powder-free nitrile exam gloves. Comfortable and reliable protection with a low dermatits potential. Made without sulfur-based chemical accelerants for tactility and to help prevent allergic reactions. Textured fingertip finish Beaded cuff Ambidextrous Blue color Thickness: at palm 2.8 mils; at fingertip 3.9 mils 200 gloves per box (X-large 180 gloves per box) Order 10 boxes to purchase a case Tested for use with chemotherapy drugs,{},"https://www.safcodental.com/media/catalog/product/d/r/drccz.jpg?width=265&height=265&canvas=265,265&optimize=medium&fit=bounds",,structured,2026-08-19T03:51:01.212507+00:00,49c09125e8d555ec
8aa1b3a603d0412cad072fb97cb0d193,3890056,"Micro-Touch NitraFree Blue nitrile gloves large, 200/box",Ansell,3890056,gloves,https://www.safcodental.com/product/micro-touch-reg-nitrafree-trade-blue,https://www.safcodental.com/product/micro-touch-reg-nitrafree-trade-blue,19.99,USD,visible,200/box,In stock,Powder-free nitrile exam gloves. Comfortable and reliable protection with a low dermatits potential. Made without sulfur-based chemical accelerants for tactility and to help prevent allergic reactions. Textured fingertip finish Beaded cuff Ambidextrous Blue color Thickness: at palm 2.8 mils; at fingertip 3.9 mils 200 gloves per box (X-large 180 gloves per box) Order 10 boxes to purchase a case Tested for use with chemotherapy drugs,{},"https://www.safcodental.com/media/catalog/product/d/r/drccz.jpg?width=265&height=265&canvas=265,265&optimize=medium&fit=bounds",,structured,2026-08-19T03:51:01.218521+00:00,689e834c91bccd38
1191c02c921f4bc59e64f7c5eb9713a2,3890058,"Micro-Touch NitraFree Blue nitrile gloves x-large, 180/box",Ansell,3890058,gloves,https://www.safcodental.com/product/micro-touch-reg-nitrafree-trade-blue,https://www.safcodental.com/product/micro-touch-reg-nitrafree-trade-blue,19.99,USD,visible,180/box,In stock,Powder-free nitrile exam gloves. Comfortable and reliable protection with a low dermatits potential. Made without sulfur-based chemical accelerants for tactility and to help prevent allergic reactions. Textured fingertip finish Beaded cuff Ambidextrous Blue color Thickness: at palm 2.8 mils; at fingertip 3.9 mils 200 gloves per box (X-large 180 gloves per box) Order 10 boxes to purchase a case Tested for use with chemotherapy drugs,{},"https://www.safcodental.com/media/catalog/product/d/r/drccz.jpg?width=265&height=265&canvas=265,265&optimize=medium&fit=bounds",,structured,2026-08-19T03:51:01.224655+00:00,66e26fc84f97a5df
31a117ac44f64edfbd96d345c1b429e8,4712120,Cranberry Carbon Air nitrile gloves x-small 300/box,Cranberry,4712120,gloves,https://www.safcodental.com/product/carbon-reg-air,https://www.safcodental.com/product/carbon-reg-air,29.49,USD,visible,300/box,In stock,"Powder-free nitrile exam gloves. Exceptionally strong and flexible formulation prevents tearing, especially while donning. Textured fingertip finish Beaded cuff Ambidextrous Black Thickness: at palm 2.0mils; at fingertips 2.7mils 300 gloves per box (250 for x-large) Order 10 boxes to purchase a case",{},"https://www.safcodental.com/media/catalog/product/d/r/drccy_2.jpg?width=265&height=265&canvas=265,265&optimize=medium&fit=bounds",,structured,2026-08-19T03:51:03.217725+00:00,cc45b7caf956436b
bb68e1f05697445e832066daefe5b37d,4712122,Cranberry Carbon Air nitrile gloves small 300/box,Cranberry,4712122,gloves,https://www.safcodental.com/product/carbon-reg-air,https://www.safcodental.com/product/carbon-reg-air,29.49,USD,visible,300/box,In stock,"Powder-free nitrile exam gloves. Exceptionally strong and flexible formulation prevents tearing, especially while donning. Textured fingertip finish Beaded cuff Ambidextrous Black Thickness: at palm 2.0mils; at fingertips 2.7mils 300 gloves per box (250 for x-large) Order 10 boxes to purchase a case",{},"https://www.safcodental.com/media/catalog/product/d/r/drccy_2.jpg?width=265&height=265&canvas=265,265&optimize=medium&fit=bounds",,structured,2026-08-19T03:51:03.224648+00:00,f56404e23133c90a
5a95deff23be4546847740a1cc4bb3dd,4712124,Cranberry Carbon Air nitrile gloves medium 300/box,Cranberry,4712124,gloves,https://www.safcodental.com/product/carbon-reg-air,https://www.safcodental.com/product/carbon-reg-air,29.49,USD,visible,300/box,In stock,"Powder-free nitrile exam gloves. Exceptionally strong and flexible formulation prevents tearing, especially while donning. Textured fingertip finish Beaded cuff Ambidextrous Black Thickness: at palm 2.0mils; at fingertips 2.7mils 300 gloves per box (250 for x-large) Order 10 boxes to purchase a case",{},"https://www.safcodental.com/media/catalog/product/d/r/drccy_2.jpg?width=265&height=265&canvas=265,265&optimize=medium&fit=bounds",,structured,2026-08-19T03:51:03.232094+00:00,3c1487e7de05c46e
0819bee3213f45af8713f3ba083c4102,4712126,Cranberry Carbon Air nitrile gloves large 300/box,Cranberry,4712126,gloves,https://www.safcodental.com/product/carbon-reg-air,https://www.safcodental.com/product/carbon-reg-air,29.49,USD,visible,300/box,In stock,"Powder-free nitrile exam gloves. Exceptionally strong and flexible formulation prevents tearing, especially while donning. Textured fingertip finish Beaded cuff Ambidextrous Black Thickness: at palm 2.0mils; at fingertips 2.7mils 300 gloves per box (250 for x-large) Order 10 boxes to purchase a case",{},"https://www.safcodental.com/media/catalog/product/d/r/drccy_2.jpg?width=265&height=265&canvas=265,265&optimize=medium&fit=bounds",,structured,2026-08-19T03:51:03.238621+00:00,d82cf89225f9deb5
c4ba6ff2053245409bf9d828f2e06d47,4712128,Cranberry Carbon Air nitrile gloves x-large 250/box,Cranberry,4712128,gloves,https://www.safcodental.com/product/carbon-reg-air,https://www.safcodental.com/product/carbon-reg-air,29.49,USD,visible,250/box,In stock,"Powder-free nitrile exam gloves. Exceptionally strong and flexible formulation prevents tearing, especially while donning. Textured fingertip finish Beaded cuff Ambidextrous Black Thickness: at palm 2.0mils; at fingertips 2.7mils 300 gloves per box (250 for x-large) Order 10 boxes to purchase a case",{},"https://www.safcodental.com/media/catalog/product/d/r/drccy_2.jpg?width=265&height=265&canvas=265,265&optimize=medium&fit=bounds",,structured,2026-08-19T03:51:03.246756+00:00,4efc9b37020d7b6a
4487fc5a091a4c108425343ae049e057,1027972,Nitrilex Black nitrile gloves x-small 200/box,Safco,1027972,gloves,https://www.safcodental.com/product/safco-nitrilex-black,https://www.safcodental.com/product/safco-nitrilex-black,13.29,USD,visible,200/box,In stock,Powder-free nitrile exam gloves. Our strongest and thinnest nitrile glove yet. Designed to preserve the sensitivity you have come to expect from the Nitrilex line of gloves. Textured fingertip finish Beaded cuff Non-chlorinated Ambidextreous Black color Polymer coated for easy donning Thickness: at palm 2.0 mils; at fingertip 2.3 mils 200 gloves per box Order 10 boxes to purchase a case,{},"https://www.safcodental.com/media/catalog/product/d/r/drccx.jpg?width=265&height=265&canvas=265,265&optimize=medium&fit=bounds",,structured,2026-08-19T03:51:05.222761+00:00,f7af3771b18b3156
807f0eaca0dd48758387c809902e7c77,1027974,Nitrilex Black nitrile gloves small 200/box,Safco,1027974,gloves,https://www.safcodental.com/product/safco-nitrilex-black,https://www.safcodental.com/product/safco-nitrilex-black,13.29,USD,visible,200/box,In stock,Powder-free nitrile exam gloves. Our strongest and thinnest nitrile glove yet. Designed to preserve the sensitivity you have come to expect from the Nitrilex line of gloves. Textured fingertip finish Beaded cuff Non-chlorinated Ambidextreous Black color Polymer coated for easy donning Thickness: at palm 2.0 mils; at fingertip 2.3 mils 200 gloves per box Order 10 boxes to purchase a case,{},"https://www.safcodental.com/media/catalog/product/d/r/drccx.jpg?width=265&height=265&canvas=265,265&optimize=medium&fit=bounds",,structured,2026-08-19T03:51:05.229987+00:00,9112b117fe6ca9d5
8f69c123042041d6827d7772946df816,1027976,Nitrilex Black nitrile gloves medium 200/box,Safco,1027976,gloves,https://www.safcodental.com/product/safco-nitrilex-black,https://www.safcodental.com/product/safco-nitrilex-black,13.29,USD,visible,200/box,In stock,Powder-free nitrile exam gloves. Our strongest and thinnest nitrile glove yet. Designed to preserve the sensitivity you have come to expect from the Nitrilex line of gloves. Textured fingertip finish Beaded cuff Non-chlorinated Ambidextreous Black color Polymer coated for easy donning Thickness: at palm 2.0 mils; at fingertip 2.3 mils 200 gloves per box Order 10 boxes to purchase a case,{},"https://www.safcodental.com/media/catalog/product/d/r/drccx.jpg?width=265&height=265&canvas=265,265&optimize=medium&fit=bounds",,structured,2026-08-19T03:51:05.236515+00:00,13b8eba8700b405e
90c32556cb1a40dba40981839ea53e5f,1027978,Nitrilex Black nitrile gloves large 200/box,Safco,1027978,gloves,https://www.safcodental.com/product/safco-nitrilex-black,https://www.safcodental.com/product/safco-nitrilex-black,13.29,USD,visible,200/box,In stock,Powder-free nitrile exam gloves. Our strongest and thinnest nitrile glove yet. Designed to preserve the sensitivity you have come to expect from the Nitrilex line of gloves. Textured fingertip finish Beaded cuff Non-chlorinated Ambidextreous Black color Polymer coated for easy donning Thickness: at palm 2.0 mils; at fingertip 2.3 mils 200 gloves per box Order 10 boxes to purchase a case,{},"https://www.safcodental.com/media/catalog/product/d/r/drccx.jpg?width=265&height=265&canvas=265,265&optimize=medium&fit=bounds",,structured,2026-08-19T03:51:05.243007+00:00,a6caad4bac80979e
db6099295f2f49b2a0a603c6a18bedcb,1027980,Nitrilex Black nitrile gloves x-large 200/box,Safco,1027980,gloves,https://www.safcodental.com/product/safco-nitrilex-black,https://www.safcodental.com/product/safco-nitrilex-black,13.29,USD,visible,200/box,In stock,Powder-free nitrile exam gloves. Our strongest and thinnest nitrile glove yet. Designed to preserve the sensitivity you have come to expect from the Nitrilex line of gloves. Textured fingertip finish Beaded cuff Non-chlorinated Ambidextreous Black color Polymer coated for easy donning Thickness: at palm 2.0 mils; at fingertip 2.3 mils 200 gloves per box Order 10 boxes to purchase a case,{},"https://www.safcodental.com/media/catalog/product/d/r/drccx.jpg?width=265&height=265&canvas=265,265&optimize=medium&fit=bounds",,structured,2026-08-19T03:51:05.249537+00:00,57050a56bd1be4de
447ca8718a4a41d2957186fa322584e8,3150130,Ocean Pacific NeoNatural chloroprene gloves x-small 100/box,Medicom,3150130,gloves,https://www.safcodental.com/product/ocean-pacific-sup-reg-sup-neonatural-sup-trade-sup,https://www.safcodental.com/product/ocean-pacific-sup-reg-sup-neonatural-sup-trade-sup,23.49,USD,visible,100/box,In stock,Powder-free chloroprene examination gloves. Polychlorprene exam gloves combine the softness of latex with the strength of nitrile for reliable protection without sacrificing comfort or dexterity. Textured fingertip finish Beaded cuff Ambidextrous Emerald green color Thickness: at palm 3.1 mils; at fingertip 4 mils 100 gloves per box Order 10 boxes to purchase a case,{},"https://www.safcodental.com/media/catalog/product/d/r/drdas.jpg?width=265&height=265&canvas=265,265&optimize=medium&fit=bounds",,structured,2026-08-19T03:51:27.271992+00:00,45abf88e192eb558
b04e7f36da0141a8a84886a35a753809,4680067,Dash True Comfort Blu x-small 100/box,Dash,4680067,gloves,https://www.safcodental.com/product/true-comfort-reg-blu,https://www.safcodental.com/product/true-comfort-reg-blu,18.99,USD,visible,100/box,In stock,"Powder-free, latex-free, chloroprene examination gloves. Unrivaled wet grip, increased touch sensitivity, and silky smooth comfort. Chemotherapty drug rated. Textured fingertip finish Beaded cuff Ambidextrous Ocean blue color Thickness: at palm 2.4 mils; at fingertip 3.1 mils To purchase a full case, please order as qty of 10 boxes",{},"https://www.safcodental.com/media/catalog/product/d/r/drdaq.jpg?width=265&height=265&canvas=265,265&optimize=medium&fit=bounds",,structured,2026-08-19T03:51:29.647802+00:00,8857744495995391
7c39f0590b7a4a0f9c0f2067ed4556ed,4680069,Dash True Comfort Blu small 100/box,Dash,4680069,gloves,https://www.safcodental.com/product/true-comfort-reg-blu,https://www.safcodental.com/product/true-comfort-reg-blu,18.99,USD,visible,100/box,In stock,"Powder-free, latex-free, chloroprene examination gloves. Unrivaled wet grip, increased touch sensitivity, and silky smooth comfort. Chemotherapty drug rated. Textured fingertip finish Beaded cuff Ambidextrous Ocean blue color Thickness: at palm 2.4 mils; at fingertip 3.1 mils To purchase a full case, please order as qty of 10 boxes",{},"https://www.safcodental.com/media/catalog/product/d/r/drdaq.jpg?width=265&height=265&canvas=265,265&optimize=medium&fit=bounds",,structured,2026-08-19T03:51:29.655365+00:00,446a1dfcd1d0b8b1
486fab9239c742d997d0d3a0189a6cb5,4680071,Dash True Comfort Blu medium 100/box,Dash,4680071,gloves,https://www.safcodental.com/product/true-comfort-reg-blu,https://www.safcodental.com/product/true-comfort-reg-blu,18.99,USD,visible,100/box,In stock,"Powder-free, latex-free, chloroprene examination gloves. Unrivaled wet grip, increased touch sensitivity, and silky smooth comfort. Chemotherapty drug rated. Textured fingertip finish Beaded cuff Ambidextrous Ocean blue color Thickness: at palm 2.4 mils; at fingertip 3.1 mils To purchase a full case, please order as qty of 10 boxes",{},"https://www.safcodental.com/media/catalog/product/d/r/drdaq.jpg?width=265&height=265&canvas=265,265&optimize=medium&fit=bounds",,structured,2026-08-19T03:51:29.661112+00:00,ca80f2d7bdac2055
cd3ab27235f2434996400181a11d6629,4680073,Dash True Comfort Blu large 100/box,Dash,4680073,gloves,https://www.safcodental.com/product/true-comfort-reg-blu,https://www.safcodental.com/product/true-comfort-reg-blu,18.99,USD,visible,100/box,In stock,"Powder-free, latex-free, chloroprene examination gloves. Unrivaled wet grip, increased touch sensitivity, and silky smooth comfort. Chemotherapty drug rated. Textured fingertip finish Beaded cuff Ambidextrous Ocean blue color Thickness: at palm 2.4 mils; at fingertip 3.1 mils To purchase a full case, please order as qty of 10 boxes",{},"https://www.safcodental.com/media/catalog/product/d/r/drdaq.jpg?width=265&height=265&canvas=265,265&optimize=medium&fit=bounds",,structured,2026-08-19T03:51:29.667806+00:00,0deaeffca9f25868
eae610d6b14f45b2bc8aea84af5a744d,4680075,Dash True Comfort Blu x-large 100/box,Dash,4680075,gloves,https://www.safcodental.com/product/true-comfort-reg-blu,https://www.safcodental.com/product/true-comfort-reg-blu,18.99,USD,visible,100/box,In stock,"Powder-free, latex-free, chloroprene examination gloves. Unrivaled wet grip, increased touch sensitivity, and silky smooth comfort. Chemotherapty drug rated. Textured fingertip finish Beaded cuff Ambidextrous Ocean blue color Thickness: at palm 2.4 mils; at fingertip 3.1 mils To purchase a full case, please order as qty of 10 boxes",{},"https://www.safcodental.com/media/catalog/product/d/r/drdaq.jpg?width=265&height=265&canvas=265,265&optimize=medium&fit=bounds",,structured,2026-08-19T03:51:29.674651+00:00,b388436f8205b580
daf416e60baf4d7ea25994810ab4d2c6,1028046,Safco EZ Green Chloroprene gloves x-small 200/bx,Safco,1028046,gloves,https://www.safcodental.com/product/safco-ez-green-chloroprene,https://www.safcodental.com/product/safco-ez-green-chloroprene,17.99,USD,visible,200/bx,In stock,Powder-free chloroprene examination gloves. Similar feel and elasticity to that of latex without the risk of allergic reation to latex proteins. Provides supreme tactile sensitivity. Textured fingertip finish Beaded cuff Ambidextreous Green color Thickness: at palm 3.0 mils; at fingertips 3.5 mils 200 gloves per box Order 10 boxes to purchase a case  ,{},"https://www.safcodental.com/media/catalog/product/d/r/drdap.jpg?width=265&height=265&canvas=265,265&optimize=medium&fit=bounds",,structured,2026-08-19T03:51:31.287240+00:00,535248b6c05b1057
e220a4ee765a42e1bc3fa36a77007ad7,1028048,Safco EZ Green Chloroprene gloves small 200/bx,Safco,1028048,gloves,https://www.safcodental.com/product/safco-ez-green-chloroprene,https://www.safcodental.com/product/safco-ez-green-chloroprene,17.99,USD,visible,200/bx,In stock,Powder-free chloroprene examination gloves. Similar feel and elasticity to that of latex without the risk of allergic reation to latex proteins. Provides supreme tactile sensitivity. Textured fingertip finish Beaded cuff Ambidextreous Green color Thickness: at palm 3.0 mils; at fingertips 3.5 mils 200 gloves per box Order 10 boxes to purchase a case  ,{},"https://www.safcodental.com/media/catalog/product/d/r/drdap.jpg?width=265&height=265&canvas=265,265&optimize=medium&fit=bounds",,structured,2026-08-19T03:51:31.297231+00:00,2b55b4bbcecfcd17
b31f3e1be84f48b8af3dfb43d5758831,1028050,Safco EZ Green Chloroprene gloves medium 200/bx,Safco,1028050,gloves,https://www.safcodental.com/product/safco-ez-green-chloroprene,https://www.safcodental.com/product/safco-ez-green-chloroprene,17.99,USD,visible,200/bx,In stock,Powder-free chloroprene examination gloves. Similar feel and elasticity to that of latex without the risk of allergic reation to latex proteins. Provides supreme tactile sensitivity. Textured fingertip finish Beaded cuff Ambidextreous Green color Thickness: at palm 3.0 mils; at fingertips 3.5 mils 200 gloves per box Order 10 boxes to purchase a case  ,{},"https://www.safcodental.com/media/catalog/product/d/r/drdap.jpg?width=265&height=265&canvas=265,265&optimize=medium&fit=bounds",,structured,2026-08-19T03:51:31.306778+00:00,71906244d6aae384
0fb3a6a9db7d4e3aa93dab014558ddbd,1028052,Safco EZ Green Chloroprene gloves large 200/bx,Safco,1028052,gloves,https://www.safcodental.com/product/safco-ez-green-chloroprene,https://www.safcodental.com/product/safco-ez-green-chloroprene,17.99,USD,visible,200/bx,In stock,Powder-free chloroprene examination gloves. Similar feel and elasticity to that of latex without the risk of allergic reation to latex proteins. Provides supreme tactile sensitivity. Textured fingertip finish Beaded cuff Ambidextreous Green color Thickness: at palm 3.0 mils; at fingertips 3.5 mils 200 gloves per box Order 10 boxes to purchase a case  ,{},"https://www.safcodental.com/media/catalog/product/d/r/drdap.jpg?width=265&height=265&canvas=265,265&optimize=medium&fit=bounds",,structured,2026-08-19T03:51:31.314872+00:00,ac00457bfe290370
4c00c49870dd4bafb8a6c1808ab7cab6,3890004,Microflex NeoSoft neoprene gloves x-small 100/box,Ansell,3890004,gloves,https://www.safcodental.com/product/microflex-sup-reg-sup-neosoft-trade,https://www.safcodental.com/product/microflex-sup-reg-sup-neosoft-trade,18.49,USD,visible,100/box,In stock,Powder-free chloroprene examination gloves. Features HYDRASOFT™ technology that provides 2x more moisture retention. Textured fingertip finish Beaded cuff Ambidextrous Chloroprene (neoprene) Green color Polymer coated for easy donning Thickness: at palm 2.8  mils; at fingertip 3.5 mils 100 gloves per box Order 10 boxes to purchase a case,{},"https://www.safcodental.com/media/catalog/product/d/r/drdan.jpg?width=265&height=265&canvas=265,265&optimize=medium&fit=bounds",,structured,2026-08-19T03:51:33.302732+00:00,17258db0d93de9ad
f77b46513f6643b9b2ee9d774f596629,3890007,Microflex NeoSoft neoprene gloves small 100/box,Ansell,3890007,gloves,https://www.safcodental.com/product/microflex-sup-reg-sup-neosoft-trade,https://www.safcodental.com/product/microflex-sup-reg-sup-neosoft-trade,18.49,USD,visible,100/box,In stock,Powder-free chloroprene examination gloves. Features HYDRASOFT™ technology that provides 2x more moisture retention. Textured fingertip finish Beaded cuff Ambidextrous Chloroprene (neoprene) Green color Polymer coated for easy donning Thickness: at palm 2.8  mils; at fingertip 3.5 mils 100 gloves per box Order 10 boxes to purchase a case,{},"https://www.safcodental.com/media/catalog/product/d/r/drdan.jpg?width=265&height=265&canvas=265,265&optimize=medium&fit=bounds",,structured,2026-08-19T03:51:33.309308+00:00,d1178898bac51b82
c4ce1c7c568b46ef8996f85a9476918e,3890010,Microflex NeoSoft neoprene gloves medium 100/box,Ansell,3890010,gloves,https://www.safcodental.com/product/microflex-sup-reg-sup-neosoft-trade,https://www.safcodental.com/product/microflex-sup-reg-sup-neosoft-trade,18.49,USD,visible,100/box,In stock,Powder-free chloroprene examination gloves. Features HYDRASOFT™ technology that provides 2x more moisture retention. Textured fingertip finish Beaded cuff Ambidextrous Chloroprene (neoprene) Green color Polymer coated for easy donning Thickness: at palm 2.8  mils; at fingertip 3.5 mils 100 gloves per box Order 10 boxes to purchase a case,{},"https://www.safcodental.com/media/catalog/product/d/r/drdan.jpg?width=265&height=265&canvas=265,265&optimize=medium&fit=bounds",,structured,2026-08-19T03:51:33.315036+00:00,c0fc4344c8a358fb
2a0ea4a88f0a4154933c7360bdc5ed3e,3890013,Microflex NeoSoft neoprene gloves large 100/box,Ansell,3890013,gloves,https://www.safcodental.com/product/microflex-sup-reg-sup-neosoft-trade,https://www.safcodental.com/product/microflex-sup-reg-sup-neosoft-trade,18.49,USD,visible,100/box,In stock,Powder-free chloroprene examination gloves. Features HYDRASOFT™ technology that provides 2x more moisture retention. Textured fingertip finish Beaded cuff Ambidextrous Chloroprene (neoprene) Green color Polymer coated for easy donning Thickness: at palm 2.8  mils; at fingertip 3.5 mils 100 gloves per box Order 10 boxes to purchase a case,{},"https://www.safcodental.com/media/catalog/product/d/r/drdan.jpg?width=265&height=265&canvas=265,265&optimize=medium&fit=bounds",,structured,2026-08-19T03:51:33.321334+00:00,b63b4f0f6751d84d
8f5acb6d1b114f67b6483ad6ea43942a,3890015,Microflex NeoSoft neoprene gloves x-large 100/box,Ansell,3890015,gloves,https://www.safcodental.com/product/microflex-sup-reg-sup-neosoft-trade,https://www.safcodental.com/product/microflex-sup-reg-sup-neosoft-trade,18.49,USD,visible,100/box,In stock,Powder-free chloroprene examination gloves. Features HYDRASOFT™ technology that provides 2x more moisture retention. Textured fingertip finish Beaded cuff Ambidextrous Chloroprene (neoprene) Green color Polymer coated for easy donning Thickness: at palm 2.8  mils; at fingertip 3.5 mils 100 gloves per box Order 10 boxes to purchase a case,{},"https://www.safcodental.com/media/catalog/product/d/r/drdan.jpg?width=265&height=265&canvas=265,265&optimize=medium&fit=bounds",,structured,2026-08-19T03:51:33.327416+00:00,0db887ee1d992c11
bc14b994c2204d9db0aaf30fe15b1457,4713701,AquaPrene chloroprene gloves x-small 200/box,Cranberry,4713701,gloves,https://www.safcodental.com/product/aquaprene-reg,https://www.safcodental.com/product/aquaprene-reg,33.99,USD,visible,200/box,In stock,Powder-free chloroprene examination gloves. Combines the comfort of latex and the strength of nitrile. Textured fingertip finish Beaded cuff Ambidextrous Aqua blue color Thickness: at palm 2.8 mils; at fingertip3.5 mils; ±0.8 200 gloves per box Order 10 boxes to purchase a case,{},"https://www.safcodental.com/media/catalog/product/d/r/drdal_2.jpg?width=265&height=265&canvas=265,265&optimize=medium&fit=bounds",,structured,2026-08-19T03:51:35.310366+00:00,0f2c20d1a63c3d8e
7465b16478604268b43b34f111b147ea,4713703,AquaPrene chloroprene gloves small 200/box,Cranberry,4713703,gloves,https://www.safcodental.com/product/aquaprene-reg,https://www.safcodental.com/product/aquaprene-reg,33.99,USD,visible,200/box,In stock,Powder-free chloroprene examination gloves. Combines the comfort of latex and the strength of nitrile. Textured fingertip finish Beaded cuff Ambidextrous Aqua blue color Thickness: at palm 2.8 mils; at fingertip3.5 mils; ±0.8 200 gloves per box Order 10 boxes to purchase a case,{},"https://www.safcodental.com/media/catalog/product/d/r/drdal_2.jpg?width=265&height=265&canvas=265,265&optimize=medium&fit=bounds",,structured,2026-08-19T03:51:35.318897+00:00,c20fc0ac162ec806
a421d5122750458da870d555c996d480,4713705,AquaPrene chloroprene gloves medium 200/box,Cranberry,4713705,gloves,https://www.safcodental.com/product/aquaprene-reg,https://www.safcodental.com/product/aquaprene-reg,33.99,USD,visible,200/box,In stock,Powder-free chloroprene examination gloves. Combines the comfort of latex and the strength of nitrile. Textured fingertip finish Beaded cuff Ambidextrous Aqua blue color Thickness: at palm 2.8 mils; at fingertip3.5 mils; ±0.8 200 gloves per box Order 10 boxes to purchase a case,{},"https://www.safcodental.com/media/catalog/product/d/r/drdal_2.jpg?width=265&height=265&canvas=265,265&optimize=medium&fit=bounds",,structured,2026-08-19T03:51:35.325698+00:00,735ea1b0b41dd537
8a0bfe4cde1a4be197d9035f0fe786d3,4713707,AquaPrene chloroprene gloves large 200/box,Cranberry,4713707,gloves,https://www.safcodental.com/product/aquaprene-reg,https://www.safcodental.com/product/aquaprene-reg,33.99,USD,visible,200/box,In stock,Powder-free chloroprene examination gloves. Combines the comfort of latex and the strength of nitrile. Textured fingertip finish Beaded cuff Ambidextrous Aqua blue color Thickness: at palm 2.8 mils; at fingertip3.5 mils; ±0.8 200 gloves per box Order 10 boxes to purchase a case,{},"https://www.safcodental.com/media/catalog/product/d/r/drdal_2.jpg?width=265&height=265&canvas=265,265&optimize=medium&fit=bounds",,structured,2026-08-19T03:51:35.331816+00:00,26cd8644c8086ade
4f5cd1b6f9884af1995693c62b50416f,4713709,AquaPrene chloroprene gloves x-large 200/box,Cranberry,4713709,gloves,https://www.safcodental.com/product/aquaprene-reg,https://www.safcodental.com/product/aquaprene-reg,33.99,USD,visible,200/box,In stock,Powder-free chloroprene examination gloves. Combines the comfort of latex and the strength of nitrile. Textured fingertip finish Beaded cuff Ambidextrous Aqua blue color Thickness: at palm 2.8 mils; at fingertip3.5 mils; ±0.8 200 gloves per box Order 10 boxes to purchase a case,{},"https://www.safcodental.com/media/catalog/product/d/r/drdal_2.jpg?width=265&height=265&canvas=265,265&optimize=medium&fit=bounds",,structured,2026-08-19T03:51:35.338148+00:00,f6704ecee9bc1ff0
409f5fcabf944907813237f143ee0814,3021402,Flexaprene Green gloves x-small 200/box,Halyard,3021402,gloves,https://www.safcodental.com/product/flexaprene-green,https://www.safcodental.com/product/flexaprene-green,39.99,USD,visible,200/box,In stock,Powder-free chloroprene examination gloves. Fingertip textured Beaded cuff Ambidextrous Chloroprene (Neoprene) Green color Polymer coated for easy donning Thickness: at palm 3.0 mils; at fingertip 3.5 mils 200 gloves per box  Order 10 boxes to purchase a case,{},"https://www.safcodental.com/media/catalog/product/d/r/drdai.jpg?width=265&height=265&canvas=265,265&optimize=medium&fit=bounds",,structured,2026-08-19T03:51:37.339624+00:00,3a80ff17620dae15
70cb44a805cb48f1857fed574cb00288,3021404,Flexaprene Green gloves small 200/box,Halyard,3021404,gloves,https://www.safcodental.com/product/flexaprene-green,https://www.safcodental.com/product/flexaprene-green,39.99,USD,visible,200/box,In stock,Powder-free chloroprene examination gloves. Fingertip textured Beaded cuff Ambidextrous Chloroprene (Neoprene) Green color Polymer coated for easy donning Thickness: at palm 3.0 mils; at fingertip 3.5 mils 200 gloves per box  Order 10 boxes to purchase a case,{},"https://www.safcodental.com/media/catalog/product/d/r/drdai.jpg?width=265&height=265&canvas=265,265&optimize=medium&fit=bounds",,structured,2026-08-19T03:51:37.345718+00:00,19db37e2b4067a3f
1f6c3ba76b574b5f90fe319ae581578f,3021406,Flexaprene Green gloves medium 200/box,Halyard,3021406,gloves,https://www.safcodental.com/product/flexaprene-green,https://www.safcodental.com/product/flexaprene-green,39.99,USD,visible,200/box,In stock,Powder-free chloroprene examination gloves. Fingertip textured Beaded cuff Ambidextrous Chloroprene (Neoprene) Green color Polymer coated for easy donning Thickness: at palm 3.0 mils; at fingertip 3.5 mils 200 gloves per box  Order 10 boxes to purchase a case,{},"https://www.safcodental.com/media/catalog/product/d/r/drdai.jpg?width=265&height=265&canvas=265,265&optimize=medium&fit=bounds",,structured,2026-08-19T03:51:37.351609+00:00,1dbdee239a8f5f10
8a9c31e8cdf74e2cb31bf29e61ad1004,3021408,Flexaprene Green gloves large 200/box,Halyard,3021408,gloves,https://www.safcodental.com/product/flexaprene-green,https://www.safcodental.com/product/flexaprene-green,39.99,USD,visible,200/box,In stock,Powder-free chloroprene examination gloves. Fingertip textured Beaded cuff Ambidextrous Chloroprene (Neoprene) Green color Polymer coated for easy donning Thickness: at palm 3.0 mils; at fingertip 3.5 mils 200 gloves per box  Order 10 boxes to purchase a case,{},"https://www.safcodental.com/media/catalog/product/d/r/drdai.jpg?width=265&height=265&canvas=265,265&optimize=medium&fit=bounds",,structured,2026-08-19T03:51:37.357376+00:00,48dad5be41f2b6b9
aae159b17948412381460b1ec67190ba,4713401,BeeSure NeoGrene chloroprene gloves x-small 200/box,EcoBee,4713401,gloves,https://www.safcodental.com/product/beesure-reg-neogrene-trade,https://www.safcodental.com/product/beesure-reg-neogrene-trade,31.79,USD,visible,200/box,In stock,Powder-free chloroprene examination gloves. Textured fingertip finish Beaded cuff Ambidextrous Green color Polymer coated for easy donning Thickness: at palm 3.2 mils; at fingertip 3.4 mils; ±0.2 200 gloves per box Order 10 boxes to purchase a case,{},"https://www.safcodental.com/media/catalog/product/d/r/drdah.jpg?width=265&height=265&canvas=265,265&optimize=medium&fit=bounds",,structured,2026-08-19T03:51:39.327809+00:00,bb4d1f10ddb4ce9e
b717bc3798ca47a493ef398ecab87e3d,4713403,BeeSure NeoGrene chloroprene gloves small 200/box,EcoBee,4713403,gloves,https://www.safcodental.com/product/beesure-reg-neogrene-trade,https://www.safcodental.com/product/beesure-reg-neogrene-trade,31.79,USD,visible,200/box,In stock,Powder-free chloroprene examination gloves. Textured fingertip finish Beaded cuff Ambidextrous Green color Polymer coated for easy donning Thickness: at palm 3.2 mils; at fingertip 3.4 mils; ±0.2 200 gloves per box Order 10 boxes to purchase a case,{},"https://www.safcodental.com/media/catalog/product/d/r/drdah.jpg?width=265&height=265&canvas=265,265&optimize=medium&fit=bounds",,structured,2026-08-19T03:51:39.333801+00:00,08a08063e870d5c4
9523ee86d88f4d07a2a2c9454eed8a97,4713405,BeeSure NeoGrene chloroprene gloves medium 200/box,EcoBee,4713405,gloves,https://www.safcodental.com/product/beesure-reg-neogrene-trade,https://www.safcodental.com/product/beesure-reg-neogrene-trade,31.79,USD,visible,200/box,In stock,Powder-free chloroprene examination gloves. Textured fingertip finish Beaded cuff Ambidextrous Green color Polymer coated for easy donning Thickness: at palm 3.2 mils; at fingertip 3.4 mils; ±0.2 200 gloves per box Order 10 boxes to purchase a case,{},"https://www.safcodental.com/media/catalog/product/d/r/drdah.jpg?width=265&height=265&canvas=265,265&optimize=medium&fit=bounds",,structured,2026-08-19T03:51:39.340320+00:00,1dbeba0abec8b07c
fdb77c6d90fe4331b1758dd9ab911bcd,4713407,BeeSure NeoGrene chloroprene gloves large 200/box,EcoBee,4713407,gloves,https://www.safcodental.com/product/beesure-reg-neogrene-trade,https://www.safcodental.com/product/beesure-reg-neogrene-trade,31.79,USD,visible,200/box,In stock,Powder-free chloroprene examination gloves. Textured fingertip finish Beaded cuff Ambidextrous Green color Polymer coated for easy donning Thickness: at palm 3.2 mils; at fingertip 3.4 mils; ±0.2 200 gloves per box Order 10 boxes to purchase a case,{},"https://www.safcodental.com/media/catalog/product/d/r/drdah.jpg?width=265&height=265&canvas=265,265&optimize=medium&fit=bounds",,structured,2026-08-19T03:51:39.346926+00:00,78dd0fc4fbc2acba
d9f26a97feda4de091ec0f85405eead1,3890902,Micro-Touch Affinity gloves x-small 100/box,Ansell,3890902,gloves,https://www.safcodental.com/product/micro-touch-sup-reg-sup-affinity-sup-reg-sup,https://www.safcodental.com/product/micro-touch-sup-reg-sup-affinity-sup-reg-sup,23.49,USD,visible,100/box,In stock,Powder-free Neoprene (polychloroprene) exam gloves. Textured fingertips finish  Beaded cuff  Ambidextrous Neoprene  Green color Polymer coated for easy donning  Thickness: at palm 5.1 mils; at fingertip 6.3 mils  100 gloves per box Order 10 boxes to purchase a case,{},"https://www.safcodental.com/media/catalog/product/d/r/drdag.jpg?width=265&height=265&canvas=265,265&optimize=medium&fit=bounds",,structured,2026-08-19T03:51:41.327327+00:00,e5dce31280662383
e65db18e658046e092beb2bebf19e629,3890905,Micro-Touch Affinity gloves small 100/box,Ansell,3890905,gloves,https://www.safcodental.com/product/micro-touch-sup-reg-sup-affinity-sup-reg-sup,https://www.safcodental.com/product/micro-touch-sup-reg-sup-affinity-sup-reg-sup,23.49,USD,visible,100/box,In stock,Powder-free Neoprene (polychloroprene) exam gloves. Textured fingertips finish  Beaded cuff  Ambidextrous Neoprene  Green color Polymer coated for easy donning  Thickness: at palm 5.1 mils; at fingertip 6.3 mils  100 gloves per box Order 10 boxes to purchase a case,{},"https://www.safcodental.com/media/catalog/product/d/r/drdag.jpg?width=265&height=265&canvas=265,265&optimize=medium&fit=bounds",,structured,2026-08-19T03:51:41.333198+00:00,fbcff7a3cb4e53c3
ebb480b87e8042b9ac8be4cf5f5f0e24,3890908,Micro-Touch Affinity gloves medium 100/box,Ansell,3890908,gloves,https://www.safcodental.com/product/micro-touch-sup-reg-sup-affinity-sup-reg-sup,https://www.safcodental.com/product/micro-touch-sup-reg-sup-affinity-sup-reg-sup,23.49,USD,visible,100/box,In stock,Powder-free Neoprene (polychloroprene) exam gloves. Textured fingertips finish  Beaded cuff  Ambidextrous Neoprene  Green color Polymer coated for easy donning  Thickness: at palm 5.1 mils; at fingertip 6.3 mils  100 gloves per box Order 10 boxes to purchase a case,{},"https://www.safcodental.com/media/catalog/product/d/r/drdag.jpg?width=265&height=265&canvas=265,265&optimize=medium&fit=bounds",,structured,2026-08-19T03:51:41.339146+00:00,db7be26c1d1952eb
6f13bfa3298742878cab4fd51226cfa3,3890911,Micro-Touch Affinity gloves large 100/box,Ansell,3890911,gloves,https://www.safcodental.com/product/micro-touch-sup-reg-sup-affinity-sup-reg-sup,https://www.safcodental.com/product/micro-touch-sup-reg-sup-affinity-sup-reg-sup,23.49,USD,visible,100/box,In stock,Powder-free Neoprene (polychloroprene) exam gloves. Textured fingertips finish  Beaded cuff  Ambidextrous Neoprene  Green color Polymer coated for easy donning  Thickness: at palm 5.1 mils; at fingertip 6.3 mils  100 gloves per box Order 10 boxes to purchase a case,{},"https://www.safcodental.com/media/catalog/product/d/r/drdag.jpg?width=265&height=265&canvas=265,265&optimize=medium&fit=bounds",,structured,2026-08-19T03:51:41.345476+00:00,c066ef8c9e811c3c
6e5a023e095741cc9ba77676f2dfd9e9,3890915,Micro-Touch Affinity gloves x-large 100/box,Ansell,3890915,gloves,https://www.safcodental.com/product/micro-touch-sup-reg-sup-affinity-sup-reg-sup,https://www.safcodental.com/product/micro-touch-sup-reg-sup-affinity-sup-reg-sup,23.49,USD,visible,100/box,In stock,Powder-free Neoprene (polychloroprene) exam gloves. Textured fingertips finish  Beaded cuff  Ambidextrous Neoprene  Green color Polymer coated for easy donning  Thickness: at palm 5.1 mils; at fingertip 6.3 mils  100 gloves per box Order 10 boxes to purchase a case,{},"https://www.safcodental.com/media/catalog/product/d/r/drdag.jpg?width=265&height=265&canvas=265,265&optimize=medium&fit=bounds",,structured,2026-08-19T03:51:41.351346+00:00,8652c5a38956801c
f1badf63c91e47e98ae34d7809dfdb38,4750661,Microflex Neogard chloroprene gloves x-small 100/box,Ansell,4750661,gloves,https://www.safcodental.com/product/microflex-sup-reg-sup-neogard-sup-reg-sup,https://www.safcodental.com/product/microflex-sup-reg-sup-neogard-sup-reg-sup,23.49,USD,visible,100/box,In stock,Powder-free chloroprene exam gloves. Exceptional tactile sensitivity. Excellent wet and dry grip. Stretchy soft comfort. Textured fingertip finish Beaded cuff Ambidextrous Chloroprene Polymer coated for easy donning Green color Thickness: at palm 3.9 mils; at fingertip 5.1 mils 100 gloves per box Order 10 boxes to purchase a case,{},"https://www.safcodental.com/media/catalog/product/d/r/drdaf.jpg?width=265&height=265&canvas=265,265&optimize=medium&fit=bounds",,structured,2026-08-19T03:51:43.335318+00:00,33ee1d8ae50e1220
0bb3c78a50b34650940c6e360b3d958c,4750663,Microflex Neogard chloroprene gloves small 100/box,Ansell,4750663,gloves,https://www.safcodental.com/product/microflex-sup-reg-sup-neogard-sup-reg-sup,https://www.safcodental.com/product/microflex-sup-reg-sup-neogard-sup-reg-sup,23.49,USD,visible,100/box,In stock,Powder-free chloroprene exam gloves. Exceptional tactile sensitivity. Excellent wet and dry grip. Stretchy soft comfort. Textured fingertip finish Beaded cuff Ambidextrous Chloroprene Polymer coated for easy donning Green color Thickness: at palm 3.9 mils; at fingertip 5.1 mils 100 gloves per box Order 10 boxes to purchase a case,{},"https://www.safcodental.com/media/catalog/product/d/r/drdaf.jpg?width=265&height=265&canvas=265,265&optimize=medium&fit=bounds",,structured,2026-08-19T03:51:43.341455+00:00,3e1e9c65c1c6078a
9f93cd81834b48c98fa8f8e101e67c2f,4750667,Microflex Neogard chloroprene gloves medium 100/box,Ansell,4750667,gloves,https://www.safcodental.com/product/microflex-sup-reg-sup-neogard-sup-reg-sup,https://www.safcodental.com/product/microflex-sup-reg-sup-neogard-sup-reg-sup,23.49,USD,visible,100/box,In stock,Powder-free chloroprene exam gloves. Exceptional tactile sensitivity. Excellent wet and dry grip. Stretchy soft comfort. Textured fingertip finish Beaded cuff Ambidextrous Chloroprene Polymer coated for easy donning Green color Thickness: at palm 3.9 mils; at fingertip 5.1 mils 100 gloves per box Order 10 boxes to purchase a case,{},"https://www.safcodental.com/media/catalog/product/d/r/drdaf.jpg?width=265&height=265&canvas=265,265&optimize=medium&fit=bounds",,structured,2026-08-19T03:51:43.348812+00:00,e06dcc96aacd25df
1d3b9fa4aeb44f6d963a2fdc34867bfb,4750671,Microflex Neogard chloroprene gloves large 100/box,Ansell,4750671,gloves,https://www.safcodental.com/product/microflex-sup-reg-sup-neogard-sup-reg-sup,https://www.safcodental.com/product/microflex-sup-reg-sup-neogard-sup-reg-sup,23.49,USD,visible,100/box,In stock,Powder-free chloroprene exam gloves. Exceptional tactile sensitivity. Excellent wet and dry grip. Stretchy soft comfort. Textured fingertip finish Beaded cuff Ambidextrous Chloroprene Polymer coated for easy donning Green color Thickness: at palm 3.9 mils; at fingertip 5.1 mils 100 gloves per box Order 10 boxes to purchase a case,{},"https://www.safcodental.com/media/catalog/product/d/r/drdaf.jpg?width=265&height=265&canvas=265,265&optimize=medium&fit=bounds",,structured,2026-08-19T03:51:43.355198+00:00,faaf6d5abb2bec69
005e58139d284475b3d6c645adb9c4b2,4750673,Microflex Neogard chloroprene gloves x-large 100/box,Ansell,4750673,gloves,https://www.safcodental.com/product/microflex-sup-reg-sup-neogard-sup-reg-sup,https://www.safcodental.com/product/microflex-sup-reg-sup-neogard-sup-reg-sup,23.49,USD,visible,100/box,In stock,Powder-free chloroprene exam gloves. Exceptional tactile sensitivity. Excellent wet and dry grip. Stretchy soft comfort. Textured fingertip finish Beaded cuff Ambidextrous Chloroprene Polymer coated for easy donning Green color Thickness: at palm 3.9 mils; at fingertip 5.1 mils 100 gloves per box Order 10 boxes to purchase a case,{},"https://www.safcodental.com/media/catalog/product/d/r/drdaf.jpg?width=265&height=265&canvas=265,265&optimize=medium&fit=bounds",,structured,2026-08-19T03:51:43.361427+00:00,d0c77af39b0490c2
1fc93c0987e9451bba1575e1261d5a9f,4750614,Microflex NeoPro chloroprene gloves x-small 100/box,Ansell,4750614,gloves,https://www.safcodental.com/product/microflex-sup-reg-sup-neopro-sup-reg-sup,https://www.safcodental.com/product/microflex-sup-reg-sup-neopro-sup-reg-sup,24.99,USD,visible,100/box,In stock,Powder-free chloroprene examination gloves. Textured whole hand finish Beaded cuff Ambidextrous Chloroprene Green color Polymer coated for easy donning Thickness: at palm 5.1  mils; at fingertip 6.7 mils 100 gloves per box Order 10 boxes to purchase a case,{},"https://www.safcodental.com/media/catalog/product/d/r/drdac.jpg?width=265&height=265&canvas=265,265&optimize=medium&fit=bounds",,structured,2026-08-19T03:51:45.335349+00:00,5ecbbdd4fdd50e88
a4d95f4c825645dcb26bee3e90a11d4e,4750620,Microflex NeoPro chloroprene gloves small 100/box,Ansell,4750620,gloves,https://www.safcodental.com/product/microflex-sup-reg-sup-neopro-sup-reg-sup,https://www.safcodental.com/product/microflex-sup-reg-sup-neopro-sup-reg-sup,24.99,USD,visible,100/box,In stock,Powder-free chloroprene examination gloves. Textured whole hand finish Beaded cuff Ambidextrous Chloroprene Green color Polymer coated for easy donning Thickness: at palm 5.1  mils; at fingertip 6.7 mils 100 gloves per box Order 10 boxes to purchase a case,{},"https://www.safcodental.com/media/catalog/product/d/r/drdac.jpg?width=265&height=265&canvas=265,265&optimize=medium&fit=bounds",,structured,2026-08-19T03:51:45.341961+00:00,f4014ab9121b656b
2ce6160e8d6e4fbf865baf1a58e99da3,4750633,Microflex NeoPro chloroprene gloves medium 100/box,Ansell,4750633,gloves,https://www.safcodental.com/product/microflex-sup-reg-sup-neopro-sup-reg-sup,https://www.safcodental.com/product/microflex-sup-reg-sup-neopro-sup-reg-sup,24.99,USD,visible,100/box,In stock,Powder-free chloroprene examination gloves. Textured whole hand finish Beaded cuff Ambidextrous Chloroprene Green color Polymer coated for easy donning Thickness: at palm 5.1  mils; at fingertip 6.7 mils 100 gloves per box Order 10 boxes to purchase a case,{},"https://www.safcodental.com/media/catalog/product/d/r/drdac.jpg?width=265&height=265&canvas=265,265&optimize=medium&fit=bounds",,structured,2026-08-19T03:51:45.349164+00:00,4c3cbecd77f2f2bc
86b005dabcd14323b731fbcecf5365f6,4750642,Microflex NeoPro chloroprene gloves large 100/box,Ansell,4750642,gloves,https://www.safcodental.com/product/microflex-sup-reg-sup-neopro-sup-reg-sup,https://www.safcodental.com/product/microflex-sup-reg-sup-neopro-sup-reg-sup,24.99,USD,visible,100/box,In stock,Powder-free chloroprene examination gloves. Textured whole hand finish Beaded cuff Ambidextrous Chloroprene Green color Polymer coated for easy donning Thickness: at palm 5.1  mils; at fingertip 6.7 mils 100 gloves per box Order 10 boxes to purchase a case,{},"https://www.safcodental.com/media/catalog/product/d/r/drdac.jpg?width=265&height=265&canvas=265,265&optimize=medium&fit=bounds",,structured,2026-08-19T03:51:45.355957+00:00,1bd75cef8d879716
bc3de4df94c445e8a32993c08c291570,4750657,Microflex NeoPro chloroprene gloves x-large 100/box,Ansell,4750657,gloves,https://www.safcodental.com/product/microflex-sup-reg-sup-neopro-sup-reg-sup,https://www.safcodental.com/product/microflex-sup-reg-sup-neopro-sup-reg-sup,24.99,USD,visible,100/box,In stock,Powder-free chloroprene examination gloves. Textured whole hand finish Beaded cuff Ambidextrous Chloroprene Green color Polymer coated for easy donning Thickness: at palm 5.1  mils; at fingertip 6.7 mils 100 gloves per box Order 10 boxes to purchase a case,{},"https://www.safcodental.com/media/catalog/product/d/r/drdac.jpg?width=265&height=265&canvas=265,265&optimize=medium&fit=bounds",,structured,2026-08-19T03:51:45.362142+00:00,31545b476d3f335f
